Média,COMMUNE,Typedemédia,Siteweb
Eco de l'Ain,Saint-Denis-lès-Bourg,Presse,https://www.eco-ain.fr
Le Journal de la Haute-Marne,Chaumont,Presse,https://www.jhm.fr/
Le Journal de la Haute-Marne,Saint-Dizier,Presse,https://www.jhm.fr/
Le Journal de la Haute-Marne,Langres,Presse,https://www.jhm.fr/
BFM Grand Lille,Villeneuve-d'Ascq,Télé,https://www.grandlille.tv/
BFM Grand Littoral,Villeneuve-d'Ascq,Télé,https://www.grandlittoral.tv
BFM Lyon Métropole,Lyon,Télé,https://tlm.tv/
BFM Paris,Paris,Télé,https://www.bfmtv.com/paris/
Nantes Seniors,Sainte-Luce-sur-Loire,Presse,-
Lemon,Sainte-Luce-sur-Loire,Presse,https://lemonmag.com/
Tout Montpellier,Montpellier,Pure-player,https://www.toutmontpellier.fr/
Le Progrès,Ambérieu-en-Bugey,Presse,https://www.leprogres.fr
Le Progrès,Béligneux,Presse,https://www.leprogres.fr
Le Progrès,Bourg-en-Bresse,Presse,https://www.leprogres.fr
Le Progrès,Oyonnax,Presse,https://www.leprogres.fr
Le Dauphiné Libéré,Briançon,Presse,https://www.ledauphine.com/
Le Dauphiné Libéré,Gap,Presse,https://www.ledauphine.com/
Le Dauphiné Libéré,Privas,Presse,https://www.ledauphine.com/
Le Dauphiné Libéré,Annonay,Presse,https://www.ledauphine.com/
Le Dauphiné Libéré,Aubenas,Presse,https://www.ledauphine.com/
Le Bien Public,Montbard,Presse,https://www.bienpublic.com/
Le Bien Public,Dijon,Presse,https://www.bienpublic.com/
Le Bien Public,Beaune,Presse,https://www.bienpublic.com/
L'Est Républicain,Montbéliard,Presse,https://www.estrepublicain.fr/
L'Est Républicain,Pontarlier,Presse,https://www.estrepublicain.fr/
L'Est Républicain,Besançon,Presse,https://www.estrepublicain.fr/
La Tribune de Montélimar,Montélimar,Presse,https://www.e-tribune.fr/
Le Dauphiné Libéré,Pierrelatte,Presse,https://www.ledauphine.com/
Le Dauphiné Libéré,Romans-sur-Isère,Presse,https://www.ledauphine.com/
Le Dauphiné Libéré,Montélimar,Presse,https://www.ledauphine.com/
Le Dauphiné Libéré,Crest,Presse,https://www.ledauphine.com/
Le Dauphiné Libéré,Valence,Presse,https://www.ledauphine.com/
Le Dauphiné Libéré,Bourgoin-Jallieu,Presse,https://www.ledauphine.com/
Le Dauphiné Libéré,Voiron,Presse,https://www.ledauphine.com/
Le Dauphiné Libéré,Vienne,Presse,https://www.ledauphine.com/
Le Dauphiné Libéré,La Tour-du-Pin,Presse,https://www.ledauphine.com/
Le Dauphiné Libéré,Veurey-Voroize,Presse,https://www.ledauphine.com/
Le Progrès,Dole,Presse,https://www.leprogres.fr
Le Progrès,Saint-Claude,Presse,https://www.leprogres.fr
Le Progrès,Lons-le-Saunier,Presse,https://www.leprogres.fr
Le Progrès,Champagnole,Presse,https://www.leprogres.fr
Le Progrès,Andrézieux-Bouthéon,Presse,https://www.leprogres.fr
Le Progrès,Montbrison,Presse,https://www.leprogres.fr
Le Progrès,Roanne,Presse,https://www.leprogres.fr
Le Progrès,Saint-Chamond,Presse,https://www.leprogres.fr
Le Progrès,Saint-Étienne,Presse,https://www.leprogres.fr
Le Progrès,Saint-Étienne,Presse,https://www.leprogres.fr
Le Progrès,Firminy,Presse,https://www.leprogres.fr
Le Progrès,Yssingeaux,Presse,https://www.leprogres.fr
L'Est Républicain,Nancy,Presse,https://www.estrepublicain.fr/
L'Est Républicain,Toul,Presse,https://www.estrepublicain.fr/
L'Est Républicain,Pont-à-Mousson,Presse,https://www.estrepublicain.fr/
L'Est Républicain,Lunéville,Presse,https://www.estrepublicain.fr/
Le Républicain Lorrain,Longwy,Presse,https://yt3.ggpht.com/a/AGF-l78ApNDwbk_s2U5Ahr2_MwOA5n_GykILJtt3hw=s900-c-k-c0xffffffff-no-rj-mo
Le Républicain Lorrain,Houdemont,Presse,https://www.republicain-lorrain.fr
Le Républicain Lorrain,Val de Briey,Presse,https://www.republicain-lorrain.fr
Le Républicain Lorrain,Jarny,Presse,https://www.republicain-lorrain.fr
L'Est Républicain,Bar-le-Duc,Presse,https://www.estrepublicain.fr/
L'Est Républicain,Verdun,Presse,https://www.estrepublicain.fr/
Le Républicain Lorrain,Thionville,Presse,https://www.republicain-lorrain.fr
Le Républicain Lorrain,Saint-Avold,Presse,https://www.republicain-lorrain.fr
Le Républicain Lorrain,Metz,Presse,https://www.republicain-lorrain.fr
Le Républicain Lorrain,Woippy,Presse,https://www.republicain-lorrain.fr
Le Républicain Lorrain,Bitche,Presse,https://www.republicain-lorrain.fr
Le Républicain Lorrain,Hayange,Presse,https://www.republicain-lorrain.fr
Le Républicain Lorrain,Sarrebourg,Presse,https://www.republicain-lorrain.fr
Le Républicain Lorrain,Bouzonville,Presse,https://www.republicain-lorrain.fr
Le Républicain Lorrain,Forbach,Presse,https://www.republicain-lorrain.fr
Le Républicain Lorrain,Sarreguemines,Presse,https://www.republicain-lorrain.fr
Dernières Nouvelles d'Alsace (DNA),Schirmeck,Presse,https://www.dna.fr/
Dernières Nouvelles d'Alsace (DNA),Saverne,Presse,https://www.dna.fr/
Dernières Nouvelles d'Alsace (DNA),Molsheim,Presse,https://www.dna.fr/
Dernières Nouvelles d'Alsace (DNA),Wissembourg,Presse,https://www.dna.fr/
Dernières Nouvelles d'Alsace (DNA),Haguenau,Presse,https://www.dna.fr/
Dernières Nouvelles d'Alsace (DNA),Schiltigheim,Presse,https://www.dna.fr/
Dernières Nouvelles d'Alsace (DNA),Sélestat,Presse,https://www.dna.fr/
Dernières Nouvelles d'Alsace (DNA),Obernai,Presse,https://www.dna.fr/
L'Alsace,Strasbourg,Presse,https://www.lalsace.fr/
L'Alsace,Sélestat,Presse,https://www.lalsace.fr/
Le Républicain Lorrain,Strasbourg,Presse,https://www.republicain-lorrain.fr
Dernières Nouvelles d'Alsace (DNA),Sainte-Marie-aux-Mines,Presse,https://www.dna.fr/
Dernières Nouvelles d'Alsace (DNA),Mulhouse,Presse,https://www.dna.fr/
Dernières Nouvelles d'Alsace (DNA),Colmar,Presse,https://www.dna.fr/
Dernières Nouvelles d'Alsace (DNA),Altkirch,Presse,https://www.dna.fr/
L'Alsace,Mulhouse,Presse,https://www.lalsace.fr/
L'Alsace,Altkirch,Presse,https://www.lalsace.fr/
L'Alsace,Thann,Presse,https://www.lalsace.fr/
L'Alsace,Colmar,Presse,https://www.lalsace.fr/
L'Alsace,Guebwiller,Presse,https://www.lalsace.fr/
L'Alsace,Saint-Louis,Presse,https://www.lalsace.fr/
Le Progrès,Bron,Presse,https://www.leprogres.fr
Le Progrès,Tarare,Presse,https://www.leprogres.fr
Le Progrès,Chassieu,Presse,https://www.leprogres.fr
Le Progrès,Villeurbanne,Presse,https://www.leprogres.fr
Le Progrès,Villefranche-sur-Saône,Presse,https://www.leprogres.fr
Le Progrès,Saint-Genis-Laval,Presse,https://www.leprogres.fr
Le Progrès,Lyon,Presse,https://www.leprogres.fr
Le Progrès,Tassin-la-Demi-Lune,Presse,https://www.leprogres.fr
L'Est Républicain,Vesoul,Presse,https://www.estrepublicain.fr/
L'Est Républicain,Lure,Presse,https://www.estrepublicain.fr/
La Presse de Gray,Gray,Presse,https://www.lapressedegray.com
La Presse de Vesoul,Vesoul,Presse,https://www.lapressedevesoul.com
Le Journal de Saone et Loire,Châtenoy-le-Royal,Presse,https://www.lejsl.com/
Le Journal de Saone et Loire,Gueugnon,Presse,https://www.lejsl.com/
Le Journal de Saone et Loire,Paray-le-Monial,Presse,https://www.lejsl.com/
Le Journal de Saone et Loire,Montceau-les-Mines,Presse,https://www.lejsl.com/
Le Journal de Saone et Loire,Tournus,Presse,https://www.lejsl.com/
Le Journal de Saone et Loire,Le Creusot,Presse,https://www.lejsl.com/
Le Journal de Saone et Loire,Mâcon,Presse,https://www.lejsl.com/
Le Journal de Saone et Loire,Autun,Presse,https://www.lejsl.com/
Le Journal de Saone et Loire,Louhans,Presse,https://www.lejsl.com/
Le Journal de Saone et Loire,Chalon-sur-Saône,Presse,https://www.lejsl.com/
Le Dauphiné Libéré,Bourg-Saint-Maurice,Presse,https://www.ledauphine.com/
Le Dauphiné Libéré,Saint-Jean-de-Maurienne,Presse,https://www.ledauphine.com/
Le Dauphiné Libéré,Albertville,Presse,https://www.ledauphine.com/
Le Dauphiné Libéré,Aix-les-Bains,Presse,https://www.ledauphine.com/
Le Dauphiné Libéré,Chambéry,Presse,https://www.ledauphine.com/
Le Dauphiné Libéré,Annecy,Presse,https://www.ledauphine.com/
Le Dauphiné Libéré,Annemasse,Presse,https://www.ledauphine.com/
Le Dauphiné Libéré,Cluses,Presse,https://www.ledauphine.com/
Le Dauphiné Libéré,Thonon-les-Bains,Presse,https://www.ledauphine.com/
Le Dauphiné Libéré,Sallanches,Presse,https://www.ledauphine.com/
Le Dauphiné Libéré,Carpentras,Presse,https://www.ledauphine.com/
Le Dauphiné Libéré,Avignon,Presse,https://www.ledauphine.com/
Le Dauphiné Libéré,Bollène,Presse,https://www.ledauphine.com/
L'Est Républicain,Saint-Dié-des-Vosges,Presse,https://www.estrepublicain.fr/
Vosges Matin,Saint-Dié-des-Vosges,Presse,https://www.vosgesmatin.fr/
Vosges Matin,Remiremont,Presse,https://www.vosgesmatin.fr/
Vosges Matin,Neufchâteau,Presse,https://www.vosgesmatin.fr/
Vosges Matin,Vittel,Presse,https://www.vosgesmatin.fr/
L'Est Républicain,Belfort,Presse,https://www.estrepublicain.fr/
CNEWS Lyon plus,Lyon,Presse,https://www.lyonplus.com/
Alpes 1,Gap,Radio,https://www.alpes1.fr/
Radio RVA,Ambert,Radio,https://www.radiorva.com
Lyon Mag,Lyon,Presse,https://www.lyonmag.com/
Radio Espace,Lyon,Radio,https://www.radioespace.com/
ODS RADIO,Annecy,Radio,https://www.odsradio.com/
Lyon Capitale TV,Lyon,Télé,https://www.lyoncapitale.fr/
Lyon Capitale,Lyon,Presse,https://www.lyoncapitale.fr/
France 3 Côte d’Azur,Antibes,Télé,https://www.france.tv/france-3/provence-alpes-cote-d-azur/
France 3 Provence-Alpes,Marseille,Télé,https://www.france.tv/france-3/provence-alpes-cote-d-azur/
France 3 Normandie Caen,Caen,Télé,https://www.france.tv/france-3/normandie/
France 3 Bourgogne,Dijon,Télé,https://www.france.tv/france-3/bourgogne-franche-comte/
France 3 Franche-Comté,Besançon,Télé,https://www.france.tv/france-3/bourgogne-franche-comte/
France 3 Midi-Pyrénées,Toulouse,Télé,https://www.france.tv/france-3/occitanie/
France 3 Aquitaine,Bordeaux,Télé,https://www.france.tv/france-3/nouvelle-aquitaine/
France 3 Languedoc-Roussillon,Montpellier,Télé,https://www.france.tv/france-3/occitanie/
France 3 Bretagne,Rennes,Télé,https://www.france.tv/france-3/bretagne/
France 3 Alpes,La Tronche,Télé,https://www.france.tv/france-3/auvergne-rhone-alpes/
France 3 Pays de la Loire,Nantes,Télé,https://www.france.tv/france-3/pays-de-la-loire/
France 3 Centre-Val de Loire,Orléans,Télé,https://www.france.tv/france-3/centre-val-de-loire/
France 3 Champagne-Ardenne,Reims,Télé,https://www.france.tv/france-3/grand-est/
France 3 Lorraine,Vandœuvre-lès-Nancy,Télé,https://www.france.tv/france-3/grand-est/
France 3 Nord Pas-de-Calais,Lille,Télé,https://www.france.tv/france-3/hauts-de-france/
France 3 Auvergne,Chamalières,Télé,https://www.france.tv/france-3/auvergne-rhone-alpes/
France 3 Alsace,Strasbourg,Télé,https://www.france.tv/france-3/grand-est/
France 3 Rhône-Alpes,Lyon,Télé,https://www.france.tv/france-3/auvergne-rhone-alpes/
France 3 Normandie Rouen,Rouen,Télé,https://www.france.tv/france-3/normandie/
France 3 Picardie,Amiens,Télé,https://www.france.tv/france-3/hauts-de-france/
France 3 Poitou-Charentes,Poitiers,Télé,https://www.france.tv/france-3/nouvelle-aquitaine/
France 3 Limousin,Limoges,Télé,https://www.france.tv/france-3/nouvelle-aquitaine/
France 3 Paris Île-de-France,Vanves,Télé,https://www.france.tv/france-3/paris-ile-de-france/
Guadeloupe La Première,Baie-Mahault,Radio,https://la1ere.francetvinfo.fr/guadeloupe/
Guadeloupe La Première,Baie-Mahault,Télé,https://la1ere.francetvinfo.fr/guadeloupe/
Martinique La Première,Fort-de-France,Radio,https://la1ere.francetvinfo.fr/martinique
Martinique La Première,Fort-de-France,Télé,https://la1ere.francetvinfo.fr/martinique
Guyane La Première,Rémire-Montjoly,Radio,https://la1ere.francetvinfo.fr/guyane
Guyane La Première,Rémire-Montjoly,Télé,https://la1ere.francetvinfo.fr/guyane
Saint-Pierre et Miquelon La Première,Saint-Pierre et Miquelon,Radio,https://la1ere.francetvinfo.fr/saintpierremiquelon/
Saint-Pierre et Miquelon La Première,Saint-Pierre et Miquelon,Télé,https://la1ere.francetvinfo.fr/saintpierremiquelon/
Mayotte La Première,Mamoudzou,Radio,https://la1ere.francetvinfo.fr/mayotte
Mayotte La Première,Mamoudzou,Télé,https://la1ere.francetvinfo.fr/mayotte
Réunion La Première,Saint-Denis,Radio,https://la1ere.francetvinfo.fr/reunion/
Réunion La Première,Saint-Denis,Télé,https://la1ere.francetvinfo.fr/reunion/
Wallis et Futuna La Première,Uvea,Radio,https://la1ere.francetvinfo.fr/wallisfutuna/
Wallis et Futuna La Première,Uvea,Télé,https://la1ere.francetvinfo.fr/wallisfutuna/
Polynésie La Première,FAAA,Radio,https://la1ere.francetvinfo.fr/polynesie
Polynésie La Première,FAAA,Télé,https://la1ere.francetvinfo.fr/polynesie
Nouvelle-Calédonie La Première,Nouméa,Radio,https://la1ere.francetvinfo.fr/nouvellecaledonie/
Nouvelle-Calédonie La Première,Nouméa,Télé,https://la1ere.francetvinfo.fr/nouvellecaledonie/
France 3 Corse ViaStella,Ajaccio,Télé,https://www.france.tv/france-3/corse-viastella/
100% Radio,Aussillon,Radio,https://www.centpourcent.com/
Wit FM,Bègles,Radio,https://www.witfm.fr
Vibration,Orléans,Radio,https://www.vibration.fr
MaCommune.info,Besançon,Pure-player,https://www.macommune.info/
Le Journal du Palais de Bourgogne,Dijon,Presse,https://www.forumeco.com/journaux/journal-du-palais/
La Gazette du Midi,Toulouse,Presse,https://www.forumeco.com/journaux/gazette-du-midi
LES PETITES AFFICHES MATOT BRAINE,Reims,Presse,https://www.forumeco.com/journaux/petites-affiches-matot-braine
LE JOURNAL DU PALAIS de Tarn-et-Garonne,Montauban,Presse,https://www.forumeco.com/journaux/montauban-journal-du-palais
RADIO N°1,Cosne-Cours-sur-Loire,Radio,https://www.radiono1.fr/
La Dépêche du Midi,Foix,Presse,https://www.ladepeche.fr/
La Dépêche du Midi,Pamiers,Presse,https://www.ladepeche.fr/
L'Indépendant,Port-la-Nouvelle,Presse,https://www.lindependant.fr
L'Indépendant,Narbonne,Presse,https://www.lindependant.fr
L'Indépendant,Quillan,Presse,https://www.lindependant.fr
L'Indépendant,Limoux,Presse,https://www.lindependant.fr
L'Indépendant,Carcassonne,Presse,https://www.lindependant.fr
L'Indépendant,Castelnaudary,Presse,https://www.lindependant.fr
L'Indépendant,Lézignan-Corbières,Presse,https://www.lindependant.fr
La Dépêche du Midi,Carcassonne,Presse,https://www.ladepeche.fr/
La Dépêche du Midi,Limoux,Presse,https://www.ladepeche.fr/
La Dépêche du Midi,Narbonne,Presse,https://www.ladepeche.fr/
La Dépêche du Midi,Castelnaudary,Presse,https://www.ladepeche.fr/
Le Midi Libre,Narbonne,Presse,https://www.midilibre.fr/
Le Midi Libre,Carcassonne,Presse,https://www.midilibre.fr/
La Dépêche du Midi,Decazeville,Presse,https://www.ladepeche.fr/
La Dépêche du Midi,Villefranche-de-Rouergue,Presse,https://www.ladepeche.fr/
La Dépêche du Midi,Rodez,Presse,https://www.ladepeche.fr/
Le Midi Libre,Decazeville,Presse,https://www.midilibre.fr/
Le Midi Libre,Millau,Presse,https://www.midilibre.fr/
Le Midi Libre,Rodez,Presse,https://www.midilibre.fr/
Centre-Presse Aveyron,Rodez,Presse,https://www.centrepresseaveyron.fr/
Le Midi Libre,Nîmes,Presse,https://www.midilibre.fr/
Le Midi Libre,Villeneuve-lès-Avignon,Presse,https://www.midilibre.fr/
Le Midi Libre,Beaucaire,Presse,https://www.midilibre.fr/
Le Midi Libre,Alès,Presse,https://www.midilibre.fr/
Le Midi Libre,Bagnols-sur-Cèze,Presse,https://www.midilibre.fr/
La Dépêche du Midi,Toulouse,Presse,https://www.ladepeche.fr/
La Dépêche du Midi,Saint-Gaudens,Presse,https://www.ladepeche.fr/
La Dépêche du Midi,Revel,Presse,https://www.ladepeche.fr/
La Dépêche du Midi,Muret,Presse,https://www.ladepeche.fr/
La Dépêche du Midi,Condom,Presse,https://www.ladepeche.fr/
La Dépêche du Midi,Auch,Presse,https://www.ladepeche.fr/
Le Midi Libre,Saint-Jean-de-Védas,Presse,https://www.midilibre.fr/
Le Midi Libre,Sète,Presse,https://www.midilibre.fr/
Le Midi Libre,Béziers,Presse,https://www.midilibre.fr/
Le Midi Libre,Lodève,Presse,https://www.midilibre.fr/
Le Midi Libre,Agde,Presse,https://www.midilibre.fr/
Le Midi Libre,Montpellier,Presse,https://www.midilibre.fr/
Le Midi Libre,Lunel,Presse,https://www.midilibre.fr/
La Dépêche du Midi,Cahors,Presse,https://www.ladepeche.fr/
La Dépêche du Midi,Figeac,Presse,https://www.ladepeche.fr/
La Dépêche du Midi,Cahors,Presse,https://www.ladepeche.fr/
La Dépêche du Midi,Agen,Presse,https://www.ladepeche.fr/
La Dépêche du Midi,Villeneuve-sur-Lot,Presse,https://www.ladepeche.fr/
La Dépêche du Midi,Nérac,Presse,https://www.ladepeche.fr/
le Petit Bleu d'Agen,Agen,Presse,https://www.petitbleu.fr/
Le Midi Libre,Mende,Presse,https://www.midilibre.fr/
La Dépêche du Midi,Tarbes,Presse,https://www.ladepeche.fr/
La Dépêche du Midi,Lourdes,Presse,https://www.ladepeche.fr/
La Dépêche du Midi,Tarbes,Presse,https://www.ladepeche.fr/
La Nouvelle République des Pyrénées,Lannemezan,Presse,https://www.nrpyrenees.fr/
La Nouvelle République des Pyrénées,Tarbes,Presse,https://www.nrpyrenees.fr/
La Nouvelle République des Pyrénées,Lourdes,Presse,https://www.nrpyrenees.fr/
L'Indépendant,Perpignan,Presse,https://www.lindependant.fr
L'Indépendant,Argelès-sur-Mer,Presse,https://www.lindependant.fr
L'Indépendant,Céret,Presse,https://www.lindependant.fr
L'Indépendant,Prades,Presse,https://www.lindependant.fr
La Dépêche du Midi,Albi,Presse,https://www.ladepeche.fr/
La Dépêche du Midi,Albi,Presse,https://www.ladepeche.fr/
La Dépêche du Midi,Castres,Presse,https://www.ladepeche.fr/
La Dépêche du Midi,Moissac,Presse,https://www.ladepeche.fr/
La Dépêche du Midi,Montauban,Presse,https://www.ladepeche.fr/
La Dépêche du Midi,Valence,Presse,https://www.ladepeche.fr/
Tendance Ouest,Caen,Radio,https://www.tendanceouest.com
Normandie Magazine,Saint-Lô,Presse,https://www.normandie-magazine.fr/
La Manche Libre,Agneaux,Presse,https://www.lamanchelibre.fr
La Manche Libre,Cherbourg-en-Cotentin,Presse,https://www.lamanchelibre.fr
Tendance Ouest,Saint-Lô,Radio,https://www.tendanceouest.com
Tendance Ouest,Cherbourg-en-Cotentin,Radio,https://www.tendanceouest.com
Tendance Ouest,Alençon,Radio,https://www.tendanceouest.com
Tendance Ouest,Le Havre,Radio,https://www.tendanceouest.com
Tendance Ouest,Rouen,Radio,https://www.tendanceouest.com
Tendance Ouest,Toussaint,Radio,https://www.tendanceouest.com
La Montagne,Vichy,Presse,https://www.lamontagne.fr/
La Montagne,Moulins,Presse,https://www.lamontagne.fr/
Le Réveil du Vivarais,Annonay,Presse,https://www.facebook.com/reveilduvivarais/
La Montagne,Saint-Flour,Presse,https://www.lamontagne.fr/
La Montagne,Aurillac,Presse,https://www.lamontagne.fr/
La Voix du Sancerrois,Saint-Satur,Presse,-
La Montagne,Tulle,Presse,https://www.lamontagne.fr/
La Montagne,Ussel,Presse,https://www.lamontagne.fr/
La Montagne,Guéret,Presse,https://www.lamontagne.fr/
L'écho Républicain,Nogent-le-Rotrou,Presse,https://www.lechorepublicain.fr
L'écho Républicain,Chartres,Presse,https://www.lechorepublicain.fr
L'écho Républicain,Châteaudun,Presse,https://www.lechorepublicain.fr
L'écho Républicain,Dreux,Presse,https://www.lechorepublicain.fr
Le Pays Roannais,Roanne,Presse,https://www.le-pays.fr
Le Pays Forez Coeur de Loire,Montbrison,Presse,https://www.le-pays.fr
L'éveil de la Haute Loire,Monistrol-sur-Loire,Presse,https://www.leveil.fr/accueil.html
La Montagne,Brioude,Presse,https://www.lamontagne.fr/
La Montagne,Le Puy-en-Velay,Presse,https://www.lamontagne.fr/
La Ruche,Brioude,Presse,https://www.laruche.fr
Le Courrier du Loiret,Pithiviers,Presse,-
Le Journal de Gien,Gien,Presse,-
La république du Centre,Orléans,Presse,https://www.larep.fr
La république du Centre,Gien,Presse,https://www.larep.fr
La république du Centre,Pithiviers,Presse,https://www.larep.fr
La république du Centre,Montargis,Presse,https://www.larep.fr
Le Régional de Cosne et du Charitois,Cosne-Cours-sur-Loire,Presse,-
L’Echo Charitois,La Charité-sur-Loire,Presse,-
Le Journal du Centre,Clamecy,Presse,https://www.lejdc.fr/accueil.html
Le Journal du Centre,Nevers,Presse,https://www.lejdc.fr/accueil.html
La Gazette de Thiers et Ambert,Thiers,Presse,-
La Montagne,Thiers,Presse,https://www.lamontagne.fr/
La Montagne,Issoire,Presse,https://www.lamontagne.fr/
La Montagne,Clermont-Ferrand,Presse,https://www.lamontagne.fr/
La Montagne,Riom,Presse,https://www.lamontagne.fr/
Sports Auvergne,Clermont-Ferrand,Pure-player,https://www.sports-auvergne.fr
Le Pays d'entre Loire et Rhône,Tarare,Presse,https://www.le-pays.fr
Le Populaire du Centre,Saint-Junien,Presse,https://www.lepopulaire.fr/
Le Populaire du Centre,Bellac,Presse,https://www.lepopulaire.fr/
Le Populaire du Centre,Limoges,Presse,https://www.lepopulaire.fr/
L'Yonne Républicaine,Joigny,Presse,https://www.lyonne.fr/accueil.html
L'Yonne Républicaine,Sens,Presse,https://www.lyonne.fr/accueil.html
L'Yonne Républicaine,Toucy,Presse,https://www.lyonne.fr/accueil.html
L'Yonne Républicaine,Avallon,Presse,https://www.lyonne.fr/accueil.html
La Provence,Manosque,Presse,https://www.laprovence.com/
La Provence,Digne-les-Bains,Presse,https://www.laprovence.com/
La Provence,Vitrolles,Presse,https://www.laprovence.com/
La Provence,Arles,Presse,https://www.laprovence.com/
La Provence,Salon-de-Provence,Presse,https://www.laprovence.com/
La Provence,Aix-en-Provence,Presse,https://www.laprovence.com/
La Provence,La Ciotat,Presse,https://www.laprovence.com/
La Provence,Marseille,Presse,https://www.laprovence.com/
La Provence,Istres,Presse,https://www.laprovence.com/
La Provence,Aubagne,Presse,https://www.laprovence.com/
La Provence,Martigues,Presse,https://www.laprovence.com/
La Provence,Marignane,Presse,https://www.laprovence.com/
La Provence,Avignon,Presse,https://www.laprovence.com/
La Provence,Orange,Presse,https://www.laprovence.com/
La Provence,Carpentras,Presse,https://www.laprovence.com/
Corse Matin,Sartène,Presse,https://www.corsematin.com/
Corse Matin,Ajaccio,Presse,https://www.corsematin.com/
Corse Matin,Porto-Vecchio,Presse,https://www.corsematin.com/
Corse Matin,Aléria,Presse,https://www.corsematin.com/
Corse Matin,Calvi,Presse,https://www.corsematin.com/
Corse Matin,Bastia,Presse,https://www.corsematin.com/
Corse Matin,Corte,Presse,https://www.corsematin.com/
La Tribune Républicaine,Bellegarde-sur-Valserine,Presse,https://www.latribunerepublicaine.fr/
Le Pays Gessien,Bellegarde-sur-Valserine,Presse,https://www.lepaysgessien.fr/
L'Aisne nouvelle,Saint-Quentin,Presse,https://www.aisnenouvelle.fr/
L'Aisne nouvelle,Guise,Presse,https://www.aisnenouvelle.fr/
L'Aisne nouvelle,Tergnier,Presse,https://www.aisnenouvelle.fr/
L'Union,Laon,Presse,https://www.lunion.fr/
L'Union,Charleville-Mézières,Presse,https://www.lunion.fr/
L'Est-Éclair / Libération Champagne,Troyes,Presse,https://www.lest-eclair.fr/
L'Union,Épernay,Presse,https://www.lunion.fr/
L'Union,Reims,Presse,https://www.lunion.fr/
Champagne FM,Reims,Radio,https://www.champagnefm.com/
Happy FM,Reims,Radio,https://www.happyfm.com/
L'Indicateur des Flandres,Hazebrouck,Presse,https://www.lindicateurdesflandres.fr
La Voix du Nord,Armentières,Presse,https://www.lavoixdunord.fr/
La Voix du Nord,Denain,Presse,https://www.lavoixdunord.fr/
La Voix du Nord,Cambrai,Presse,https://www.lavoixdunord.fr/
La Voix du Nord,Valenciennes,Presse,https://www.lavoixdunord.fr/
La Voix du Nord,Seclin,Presse,https://www.lavoixdunord.fr/
La Voix du Nord,Villeneuve-d'Ascq,Presse,https://www.lavoixdunord.fr/
La Voix du Nord,Dunkerque,Presse,https://www.lavoixdunord.fr/
La Voix du Nord,Lambersart,Presse,https://www.lavoixdunord.fr/
La Voix du Nord,Maubeuge,Presse,https://www.lavoixdunord.fr/
La Voix du Nord,Cambrai,Presse,https://www.lavoixdunord.fr/
La Voix du Nord,Villeneuve-d'Ascq,Presse,https://www.lavoixdunord.fr/
La Voix du Nord,Hazebrouck,Presse,https://www.lavoixdunord.fr/
La Voix du Nord,Lille,Presse,https://www.lavoixdunord.fr/
La Voix du Nord,Douai,Presse,https://www.lavoixdunord.fr/
La Voix du Nord,Maubeuge,Presse,https://www.lavoixdunord.fr/
Le Journal des Flandres,Dunkerque,Presse,https://www.lejournaldesflandres.fr
Le Phare Dunkerquois,Dunkerque,Presse,https://www.lepharedunkerquois.fr
Nord éclair,Lille,Presse,https://www.nordeclair.fr/
Nord Littoral,Dunkerque,Presse,https://www.nordlittoral.fr/
Nord Littoral,Hazebrouck,Presse,https://www.nordlittoral.fr/
Contact FM,Lille,Radio,https://www.mycontact.fr/
Wéo Nord Pas-de-calais,Lille,Télé,https://www.weo.fr
Wéo Picardie,Lille,Télé,https://www.weo.fr
Le Courrier Picard,Noyon,Presse,https://www.courrier-picard.fr/
Le Courrier Picard,Beauvais,Presse,https://www.courrier-picard.fr/
Le Courrier Picard,Clermont,Presse,https://www.courrier-picard.fr/
Le Courrier Picard,Compiègne,Presse,https://www.courrier-picard.fr/
L’Avenir de l’Artois,Béthune,Presse,https://www.lavenirdelartois.fr
L’Echo de la Lys,Aire-sur-la-Lys,Presse,https://www.lechodelalys.fr
La Semaine dans le Boulonnais,Boulogne-sur-Mer,Presse,https://www.lasemainedansleboulonnais.fr
La Voix du Nord,Boulogne-sur-Mer,Presse,https://www.lavoixdunord.fr/
La Voix du Nord,Hénin-Beaumont,Presse,https://www.lavoixdunord.fr/
La Voix du Nord,Bruay-la-Buissière,Presse,https://www.lavoixdunord.fr/
La Voix du Nord,Béthune,Presse,https://www.lavoixdunord.fr/
La Voix du Nord,Saint-Omer,Presse,https://www.lavoixdunord.fr/
La Voix du Nord,Boulogne-sur-Mer,Presse,https://www.lavoixdunord.fr/
La Voix du Nord,Saint-Omer,Presse,https://www.lavoixdunord.fr/
Le Journal de Montreuil,Cucq,Presse,https://www.lejournaldemontreuil.fr
Le Réveil de Berck,Cucq,Presse,https://www.lereveildeberck.fr
Les Echos du Touquet,Cucq,Presse,https://www.lesechosdutouquet.fr
Nord Littoral,Aire-sur-la-Lys,Presse,https://www.nordlittoral.fr/
Nord Littoral,Béthune,Presse,https://www.nordlittoral.fr/
Nord Littoral,Cucq,Presse,https://www.nordlittoral.fr/
Nord Littoral,Arras,Presse,https://www.nordlittoral.fr/
Nord Littoral,Calais,Presse,https://www.nordlittoral.fr/
La Savoie,Albertville,Presse,https://www.lasavoie.fr/
L'Essor Savoyard,Annecy,Presse,https://www.lessorsavoyard.fr/
Le Messager,Anthy-sur-Léman,Presse,https://www.lemessager.fr/
Le Courrier Picard,Roye,Presse,https://www.courrier-picard.fr/
Le Courrier Picard,Mers-les-Bains,Presse,https://www.courrier-picard.fr/
Le Courrier Picard,Doullens,Presse,https://www.courrier-picard.fr/
Le Courrier Picard,Amiens,Presse,https://www.courrier-picard.fr/
Le Courrier Picard,Péronne,Presse,https://www.courrier-picard.fr/
Le Télégramme,Paimpol,Presse,https://www.letelegramme.fr
Le Télégramme,Guingamp,Presse,https://www.letelegramme.fr
Le Télégramme,Lamballe,Presse,https://www.letelegramme.fr
Le Télégramme,Saint-Brieuc,Presse,https://www.letelegramme.fr
Le Télégramme,Lannion,Presse,https://www.letelegramme.fr
Le Télégramme,Loudéac,Presse,https://www.letelegramme.fr
Le Télégramme,Châteaulin,Presse,https://www.letelegramme.fr
Le Télégramme,Carhaix-Plouguer,Presse,https://www.letelegramme.fr
Le Télégramme,Concarneau,Presse,https://www.letelegramme.fr
Le Télégramme,Brest,Presse,https://www.letelegramme.fr
Le Télégramme,Pont-l'Abbé,Presse,https://www.letelegramme.fr
Le Télégramme,Douarnenez,Presse,https://www.letelegramme.fr
Le Télégramme,Morlaix,Presse,https://www.letelegramme.fr
Le Télégramme,Morlaix,Presse,https://www.letelegramme.fr
Le Télégramme,Landerneau,Presse,https://www.letelegramme.fr
Le Télégramme,Quimperlé,Presse,https://www.letelegramme.fr
Tébéo,Brest,Télé,https://www.tebeo.bzh/
Le Mensuel de Rennes,Rennes,Presse,https://www.lemensuel.com/rennes
Le Télégramme,Rennes,Presse,https://www.letelegramme.fr
Le Mensuel du Morbihan,Vannes,Presse,https://www.lemensuel.com/morbihan/juin-2019
Le Télégramme,Vannes,Presse,https://www.letelegramme.fr
Le Télégramme,Pontivy,Presse,https://www.letelegramme.fr
Tébésud,Lorient,Télé,https://www.tebesud.bzh/
Le Parisien,Compiègne,Presse,http://www.leparisien.fr/
Le Parisien,Creil,Presse,http://www.leparisien.fr/
Le Parisien,Beauvais,Presse,http://www.leparisien.fr/
Le Parisien,Melun,Presse,http://www.leparisien.fr/
Le Parisien,Meaux,Presse,http://www.leparisien.fr/
Le Parisien,Poissy,Presse,http://www.leparisien.fr/
Le Parisien,Courcouronnes,Presse,http://www.leparisien.fr/
Le Parisien,Créteil,Presse,https://www.leparisien.fr/
Le Parisien,Cergy,Presse,http://www.leparisien.fr/
vià Occitanie Pays Gardois,Nîmes,Télé,https://www.viaoccitanie.tv
vià Occitanie Toulouse,Toulouse,Télé,https://www.viaoccitanie.tv
vià Occitanie Montpellier,Montpellier,Télé,https://www.viaoccitanie.tv
vià Occitanie Pays Calatan,Perpignan,Télé,https://www.viaoccitanie.tv
Nice Matin,Nice,Presse,https://www.nicematin.com/
Nice Matin,Menton,Presse,https://www.nicematin.com/
Nice Matin,Grasse,Presse,https://www.nicematin.com/
Nice Matin,Cannes,Presse,https://www.nicematin.com/
Nice Matin,Antibes,Presse,https://www.nicematin.com/
Nice Matin,Cagnes-sur-Mer,Presse,https://www.nicematin.com/
Var Matin,Toulon,Presse,https://www.varmatin.com/
Var Matin,Draguignan,Presse,https://www.varmatin.com/
Var Matin,Saint-Raphaël,Presse,https://www.varmatin.com/
Var Matin,Saint-Tropez,Presse,https://www.varmatin.com/
Var Matin,Brignoles,Presse,https://www.varmatin.com/
Var Matin,Hyères,Presse,https://www.varmatin.com/
Var Matin,la Seyne,Presse,https://www.varmatin.com/
Var Matin,Sanary,Presse,https://www.varmatin.com/
Monaco Matin,Monaco,Presse,https://www.monacomatin.mc/
Paris Normandie,Louviers,Presse,https://www.paris-normandie.fr
Paris Normandie,Vernon,Presse,https://www.paris-normandie.fr
Paris Normandie,Évreux,Presse,https://www.paris-normandie.fr
Paris Normandie,Bernay,Presse,https://www.paris-normandie.fr
Paris Normandie,Rouen,Presse,https://www.paris-normandie.fr
Paris Normandie,Lillebonne,Presse,https://www.paris-normandie.fr
Paris Normandie,Le Havre,Presse,https://www.paris-normandie.fr
Paris Normandie,Neufchâtel-en-Bray,Presse,https://www.paris-normandie.fr
Paris Normandie,Fécamp,Presse,https://www.paris-normandie.fr
Paris Normandie,Dieppe,Presse,https://www.paris-normandie.fr
La Nouvelle République du Centre-Ouest,Issoudun,Presse,https://www.lanouvellerepublique.fr/
La Nouvelle République du Centre-Ouest,Le Blanc,Presse,https://www.lanouvellerepublique.fr/
La Nouvelle République du Centre-Ouest,Châteauroux,Presse,https://www.lanouvellerepublique.fr/
La Nouvelle République du Centre-Ouest,Tours,Presse,https://www.lanouvellerepublique.fr/
La Nouvelle République du Centre-Ouest,Loches,Presse,https://www.lanouvellerepublique.fr/
La Nouvelle République du Centre-Ouest,Chinon,Presse,https://www.lanouvellerepublique.fr/
La Nouvelle République du Centre-Ouest,Amboise,Presse,https://www.lanouvellerepublique.fr/
TV Tours Val-de-Loire,Tours,Télé,https://www.tvtours.fr/
La Nouvelle République du Centre-Ouest,Blois,Presse,https://www.lanouvellerepublique.fr/
La Nouvelle République du Centre-Ouest,Romorantin-Lanthenay,Presse,https://www.lanouvellerepublique.fr/
La Nouvelle République du Centre-Ouest,Vendôme,Presse,https://www.lanouvellerepublique.fr/
La Nouvelle République du Centre-Ouest,Orléans,Presse,https://www.lanouvellerepublique.fr/
La Nouvelle République du Centre-Ouest,Niort,Presse,https://www.lanouvellerepublique.fr/
La Nouvelle République du Centre-Ouest,Bressuire,Presse,https://www.lanouvellerepublique.fr/
La Nouvelle République du Centre-Ouest,Parthenay,Presse,https://www.lanouvellerepublique.fr/
La Nouvelle République du Centre-Ouest,Thouars,Presse,https://www.lanouvellerepublique.fr/
Centre-Presse,Poitiers,Presse,https://www.centre-presse.fr/
La Nouvelle République du Centre-Ouest,Poitiers,Presse,https://www.lanouvellerepublique.fr/
La Nouvelle République du Centre-Ouest,Chauvigny,Presse,https://www.lanouvellerepublique.fr/
La Nouvelle République du Centre-Ouest,Montmorillon,Presse,https://www.lanouvellerepublique.fr/
La Nouvelle République du Centre-Ouest,Châtellerault,Presse,https://www.lanouvellerepublique.fr/
Chérie FM Côtes-d'Armor,Lannion,Radio,https://www.facebook.com/cheriefmcotesdarmor/
Courrier français de Charente,Angoulême,Presse,https://courrier-francais.com/charente
Courrier français de Charente-Maritime,La Rochelle,Presse,https://courrier-francais.com/charente-maritime
Courrier français de Dordogne,Périgueux,Presse,https://courrier-francais.com/dordogne
Le Journal du Médoc,Saint-Laurent-Médoc,Presse,https://www.lejournaldumedoc.fr/
Le Courrier de Gironde,Bordeaux,Presse,https://www.courrierdegironde.fr/
Courrier français des Landes - Pyrénées-Atlantiques,Dax,Presse,https://courrier-francais.com/landes
L'écho de l'ouest,Couëron,Presse,https://courrier-francais.com/eo
Courrier français du Lot-et-Garonne,Agen,Presse,https://courrier-francais.com/lot-et-garonne
Courrier français du Tarn-et-Garonne,Montauban,Presse,https://courrier-francais.com/tarn-et-garonne
Courrier français de Vienne et Deux-Sèvres,Poitiers,Presse,https://courrier-francais.com/vienne-deux-sevres/
Le Confolentais,Ruffec,Presse,https://www.leconfolentais.fr/
Le Journal de Civray (Le Journal du Sud-Vienne),Ruffec,Presse,http://www.lejournaldecivray.fr/
La Concorde,Lezay,Presse,https://www.laconcorde-hebdo.fr
Info-éco,Poitiers,Presse,http://www.info-eco.fr/
L'Avenir,Poitiers,Presse,https://www.lavenir-hebdo.fr/
Le Nouvelliste,Saint-Junien,Presse,https://www.lenouvelliste.fr
L'Agriculteur de l'Aisne,Laon,Presse,https://www.agriculteur-aisne.com
Agri Ardennes,Charleville-Mézières,Presse,-
Terres d'Ariège,Foix,Presse,https://www.terres-ariege.fr/
La revue agricole de l'Aube,Troyes,Presse,https://www.revueagricole10.com/
L'agriculteur provençal,Aix-en-Provence,Presse,https://agripro.free.fr/
Agriculteur Normand,Colombelles,Presse,https://www.agriculteur-normand.com
L’union du Cantal,Aurillac,Presse,https://www.lunion-cantal.com
La vie Charentaise,Angoulême,Presse,https://www.vie-charentaise.fr
L'Agriculteur Charentais,La Rochelle,Presse,https://www.agriculteur-charentais.fr
L'information agricole du Cher,Saint-Doulchard,Presse,-
L'Union Paysanne,Tulle,Presse,https://www.union-paysanne.com
AgriBourgogne,Bretenière,Presse,https://www.agribourgogne.fr
La Creuse Agricole,Guéret,Presse,https://www.creuse-agricole.com
Réussir le Périgord,Périgueux,Presse,https://reussirleperigord.fr/
L'Eure Agricole et Rurale,Guichainville,Presse,https://www.eure-agricole.fr
HORIZONS CENTRE ILE-DE-FRANCE (Edition Eure et Loir),Chartres,Presse,-
En pays varois,Saint-Jean-de-Védas,Presse,https://www.enpaysvarois.fr
Paysan du Midi,Saint-Jean-de-Védas,Presse,https://www.paysandumidi.fr
Terragricoles de Bretagne,Le Rheu,Presse,https://www.terra.bzh/public/index.php
L'Allier Agricole,Grenoble,Presse,https://www.allier-agricole.fr
Agri 44,Nantes,Presse,https://www.agri44.fr
Le Loiret Agricole,Orléans,Presse,https://www.loiret-agricole.fr
Le Réveil Lozère,Mende,Presse,https://www.lereveillozere.fr
L'Anjou Agricole,Angers,Presse,https://www.anjou-agricole.com/public/index.php
La Marne Agricole,Reims,Presse,https://www.la-marne-agricole.com
L'Avenir Agricole et Rurale de Haute-Marne,Chaumont,Presse,https://www.avenir52.com
Terres et Territoires,Lille,Presse,https://terres-et-territoires.com
L'Oise Agricole,Beauvais,Presse,https://www.oise-agricole.com
Auvergne Agricole,Aubière,Presse,https://www.auvergne-agricole.com
L’Union Paysanne,Aubière,Presse,https://pamac.fr/L-Union-Paysanne
La Haute Loire Paysanne,Aubière,Presse,https://www.haute-loire-paysanne.com
La Haute-Saône Agricole,Vesoul,Presse,https://hautesaoneagricole.com/
l'Union Agricole,Bois-Guillaume,Presse,https://www.union-agricole.fr
Agri 79 Informations,Prahecq,Presse,https://www.agri79.com
L'Action Agricole Picarde,Amiens,Presse,https://www.action-agricole-picarde.com
Le Paysan Tarnais,Albi,Presse,https://www.paysantarnais.com
Terres de Cognac,Mignaloux-Beauvoir,Presse,https://www.terresdecognac.fr
La Vienne Rurale,Mignaloux-Beauvoir,Presse,https://www.vienne-rurale.fr
L'Est Eclair,Troyes,Presse,https://www.lest-eclair.fr/
L'Est Eclair,Romilly-sur-Seine,Presse,https://www.lest-eclair.fr/
L'Est Eclair,Bar-sur-Seine,Presse,https://www.lest-eclair.fr/
La Charente Libre,Angoulême,Presse,https://www.charentelibre.fr/
La Charente Libre,Cognac,Presse,https://www.charentelibre.fr/
Sud-Ouest,Angoulême,Presse,https://www.sudouest.fr/
Sud-Ouest,Cognac,Presse,https://www.sudouest.fr/
Sud-Ouest,La Rochelle,Presse,https://www.sudouest.fr/
Sud-Ouest,Jonzac,Presse,https://www.sudouest.fr/
Sud-Ouest,Royan,Presse,https://www.sudouest.fr/
Sud-Ouest,Rochefort,Presse,https://www.sudouest.fr/
Sud-Ouest,Saintes,Presse,https://www.sudouest.fr/
Dordogne Libre,Périgueux,Presse,https://www.dordognelibre.fr
Sud-Ouest,Sarlat-la-Canéda,Presse,https://www.sudouest.fr/
Sud-Ouest,Périgueux,Presse,https://www.sudouest.fr/
La Dépêche du Bassin,Gujan-Mestras,Presse,https://www.ladepechedubassin.fr/
Sud-Ouest,Blaye,Presse,https://www.sudouest.fr/
Sud-Ouest,Arcachon,Presse,https://www.sudouest.fr/
Sud-Ouest,Libourne,Presse,https://www.sudouest.fr/
Sud-Ouest,Bordeaux,Presse,https://www.sudouest.fr/
Sud-Ouest,Langon,Presse,https://www.sudouest.fr/
TV7 Bordeaux,Bordeaux,Télé,https://www.tv7.com
Sud-Ouest,Mont-de-Marsan,Presse,https://www.sudouest.fr/
Sud-Ouest,Villeneuve-sur-Lot,Presse,https://www.sudouest.fr/
Sud-Ouest,Agen,Presse,https://www.sudouest.fr/
Sud-Ouest,Marmande,Presse,https://www.sudouest.fr/
Sud-Ouest,Tonneins,Presse,https://www.sudouest.fr/
L'éclair,Pau,Presse,https://www.larepubliquedespyrenees.fr
La République des Pyrénées,Orthez,Presse,https://www.larepubliquedespyrenees.fr/
La République des Pyrénées,Oloron-Sainte-Marie,Presse,https://www.larepubliquedespyrenees.fr/
La République des Pyrénées,Pau,Presse,https://www.larepubliquedespyrenees.fr/
Sud-Ouest,Anglet,Presse,https://www.sudouest.fr/
Sud-Ouest,Orthez,Presse,https://www.sudouest.fr/
Sud-Ouest,Saint-Jean-de-Luz,Presse,https://www.sudouest.fr/
Sud-Ouest,Biarritz,Presse,https://www.sudouest.fr/
Sud-Ouest,Pau,Presse,https://www.sudouest.fr/
Montpellier City Crunch,Montpellier,Pure-player,https://montpellier.citycrunch.fr/
Spot (Grenoble),Grenoble,Presse,https://www.spot-web.fr/grenoble/
Grenoble City Crunch,Grenoble,Pure-player,https://grenoble.citycrunch.fr/
Lille City Crunch,Lille,Pure-player,https://lille.citycrunch.fr/
Le petit Bulletin (Grenoble),Lyon,Presse,https://www.petit-bulletin.fr
Le petit Bulletin (Lyon),Lyon,Presse,https://www.petit-bulletin.fr
Le petit Bulletin (Saint-Etienne),Lyon,Presse,https://www.petit-bulletin.fr
Spot (Lyon),Lyon,Presse,https://www.spot-web.fr/lyon
Lyon City Crunch,Lyon,Pure-player,https://lyon.citycrunch.fr
Lyon Family Crunch,Lyon,Pure-player,https://lyon.familycrunch.fr
Evasion Oise,Saint-Maximin,Radio,https://www.evasionfm.com/actualites-oise.html?version=oise
Evasion Somme,Amiens,Radio,https://www.evasionfm.com/actualites-somme.html?version=somme
Evasion FM,Courcouronnes,Radio,https://www.evasionfm.com
France Mayotte,Mamoudzou,Presse,https://www.linfokwezi.fr/france-mayotte/
Kwezi FM,Mamoudzou,Radio,https://www.linfokwezi.fr/kwezi-fm/
Kwezi TV,Mamoudzou,Télé,https://www.youtube.com/user/KTV976/videos
L’Ain Agricole,Bourg-en-Bresse,Presse,https://www.lainagricole.fr/
L’Avenir Agricole de l’Ardèche,Privas,Presse,https://www.avenir-agricole-ardeche.fr/
L’Agriculture Drômoise,Bourg-lès-Valence,Presse,https://www.agriculture-dromoise.fr/
Terre Dauphinoise,Grenoble,Presse,https://terre-dauphinoise.presse-agricole.net/
Le Jura Agricole et Rural,Lons-le-Saunier,Presse,https://www.juragricole.com/
Paysans de la Loire,Saint-Priest-en-Jarez,Presse,https://www.paysansdelaloire.fr/
L’Information Agricole du Rhône,La Tour-de-Salvagny,Presse,https://rhone.presse-agricole.net/
L’Exploitant Agricole de Saône-et-Loire,Mâcon,Presse,https://agri71.fr/
Terre des Savoie,Annecy,Presse,https://terres-des-savoie.presse-agricole.net/
Toulouse FM,Toulouse,Radio,https://www.toulouse.fm/
GOLD FM,Bordeaux,Radio,https://www.goldfm.fr/
RBA (Radio bassin Arcachon),La Teste-de-Buch,Radio,https://www.rba.fm
47 FM,Agen,Radio,https://www.47fm.net/
Radio Mont Blanc,Sallanches,Radio,https://montblanclive.com/radiomontblanc
Mont Blanc Live TV,Thyez,Pure-player,https://montblanclive.com
Le journal d'ici,Castres,Presse,https://www.lejournaldici.com/
France Bleu Azur,Nice,Radio,https://www.francebleu.fr/azur
France Bleu Provence,Aix-en-Provence,Radio,https://www.francebleu.fr/provence
France Bleu Normandie,Caen,Radio,https://www.francebleu.fr/normandie-caen
France Bleu La Rochelle,La Rochelle,Radio,https://www.francebleu.fr/la-rochelle
France Bleu Bourgogne,Dijon,Radio,https://www.francebleu.fr/bourgogne
France Bleu Creuse,Guéret,Radio,https://www.francebleu.fr/creuse
France Bleu Périgord,Périgueux,Radio,https://www.francebleu.fr/perigord
France Bleu Besançon,Besançon,Radio,https://www.francebleu.fr/besancon
France Bleu Drôme Ardèche,Valence,Radio,https://www.francebleu.fr/drome-ardeche
France Bleu Breizh Izel,Quimper,Radio,https://www.francebleu.fr/breizh-izel
France Bleu Gard Lozère,Nîmes,Radio,https://www.francebleu.fr/gard-lozere
France Bleu Occitanie,Toulouse,Radio,https://www.francebleu.fr/toulouse
France Bleu Gironde,Bordeaux,Radio,https://www.francebleu.fr/gironde
France Bleu Hérault,Montpellier,Radio,https://www.francebleu.fr/herault
France Bleu Armorique,Rennes,Radio,https://www.francebleu.fr/armorique
France Bleu Berry,Châteauroux,Radio,https://www.francebleu.fr/berry
France Bleu Touraine,Tours,Radio,https://www.francebleu.fr/touraine
France Bleu Isère,Grenoble,Radio,https://www.francebleu.fr/isere
France Bleu Gascogne,Mont-de-Marsan,Radio,https://www.francebleu.fr/gascogne
France Bleu Saint-Etienne Loire,Saint-Étienne,Radio,https://www.francebleu.fr/saint-etienne-loire
France Bleu Loire Océan,Nantes,Radio,https://www.francebleu.fr/loire-ocean
France Bleu Orléans,Orléans,Radio,https://www.francebleu.fr/orleans
France Bleu Cotentin,Cherbourg-en-Cotentin,Radio,https://www.francebleu.fr/cotentin
France Bleu Champagne Ardenne,Bétheniville,Radio,https://www.francebleu.fr/champagne-ardenne
France Bleu Mayenne,Laval,Radio,https://www.francebleu.fr/mayenne
France Bleu Sud Lorraine,Nancy,Radio,https://www.francebleu.fr/sud-lorraine
France Bleu Lorraine Nord,Metz,Radio,https://www.francebleu.fr/lorraine-nord
France Bleu Nord,Lille,Radio,https://www.francebleu.fr/nord
France Bleu Pays d’Auvergne,Clermont-Ferrand,Radio,https://www.francebleu.fr/pays-d-auvergne
France Bleu Béarn,Pau,Radio,https://www.francebleu.fr/bearn
France Bleu Pays Basque,Bayonne,Radio,https://www.francebleu.fr/pays-basque
France Bleu Roussillon,Perpignan,Radio,https://www.francebleu.fr/roussillon
France Bleu Alsace,Strasbourg,Radio,https://www.francebleu.fr/alsace
France Bleu Maine,Le Mans,Radio,https://www.francebleu.fr/maine
France Bleu Pays de Savoie,Chambéry,Radio,https://www.francebleu.fr/pays-de-savoie
France Bleu Paris,Paris,Radio,https://www.francebleu.fr/107-1
France Bleu Normandie,Rouen,Radio,https://www.francebleu.fr/normandie-rouen
France Bleu Picardie,Amiens,Radio,https://www.francebleu.fr/picardie
France Bleu Vaucluse,Avignon,Radio,https://www.francebleu.fr/vaucluse
France Bleu Loire Océan,La Roche-sur-Yon,Radio,https://www.francebleu.fr/loire-ocean
France Bleu Poitou,Poitiers,Radio,https://www.francebleu.fr/poitou
France Bleu Limousin,Limoges,Radio,https://www.francebleu.fr/limousin
France Bleu Auxerre,Auxerre,Radio,https://www.francebleu.fr/auxerre
France Bleu Belfort Montbelliard,Belfort,Radio,https://www.francebleu.fr/belfort-montbeliard
France Bleu RCFM,Bastia,Radio,https://www.francebleu.fr/rcfm
Infos Dijon,Marmagne,Pure-player,https://www.infos-dijon.com/
My Little Lyon,Paris,Pure-player,https://www.mylittlelyon.com/
My Little Marseille,Paris,Pure-player,https://www.mylittlemarseille.com/
My Little Paris,Paris,Pure-player,https://www.mylittleparis.com/
A Nous Paris,Paris,Pure-player,https://www.anousparis.fr/
Côté Caen,Caen,Presse,https://actu.fr/14actu/
L'Eveil de Lisieux,Lisieux,Presse,https://www.actu.fr/l-eveil-de-lisieux/
"La Renaissance, Le Bessin",Bayeux,Presse,https://www.actu.fr/la-renaissance-le-bessin/
"La Voix, Le Bocage",Vire Normandie,Presse,https://www.actu.fr/la-voix-le-bocage/
Le Pays d'Auge,Lisieux,Presse,https://www.actu.fr/le-pays-d-auge/
Les Nouvelles de Falaise,Falaise,Presse,https://www.actu.fr/les-nouvelles-de-falaise/
Liberté le Bonhomme Libre,Caen,Presse,https://www.actu.fr/liberte-caen/
Ouest France,Caen,Presse,https://www.ouest-france.fr
Ouest France,Trouville-sur-Mer,Presse,https://www.ouest-france.fr
Ouest France,Falaise,Presse,https://www.ouest-france.fr
Ouest France,Vire Normandie,Presse,https://www.ouest-france.fr
Ouest France,Lisieux,Presse,https://www.ouest-france.fr
Radio Cristal,Épron,Radio,https://www.maradiocristal.com
La Voix du Cantal,Aurillac,Presse,https://actu.fr/cantal/
L'Echo de l'Argoat,Guingamp,Presse,https://actu.fr/echo-argoat/
La Presse d'Armor,Paimpol,Presse,https://www.actu.fr/la-presse-d-armor/
Le Courrier Indépendant,Loudéac,Presse,https://actu.fr/le-courrier-independant/
Le Penthièvre,Lamballe,Presse,https://www.actu.fr/le-penthievre/
Le Petit Bleu,Dinan,Presse,https://www.actu.fr/le-petit-bleu/
Le Trégor,Lannion,Presse,https://www.actu.fr/le-tregor/
Ouest France,Paimpol,Presse,https://www.ouest-france.fr
Ouest France,Lannion,Presse,https://www.ouest-france.fr
Ouest France,Lamballe,Presse,https://www.ouest-france.fr
Ouest France,Saint-Brieuc,Presse,https://www.ouest-france.fr
Ouest France,Guingamp,Presse,https://www.ouest-france.fr
Ouest France,Loudéac,Presse,https://www.ouest-france.fr
Ouest France,Dinan,Presse,https://www.ouest-france.fr
Océane FM,Lannion,Radio,https://www.oceanefm.com
27 actu,Évreux,Presse,https://www.actu.fr/27actu/
L'Eveil de Pont Audemer,Pont-Audemer,Presse,https://www.actu.fr/l-eveil-de-pont-audemer/
L'Eveil Normand,Bernay,Presse,https://www.actu.fr/l-eveil-normand/
L'Impartial,Les Andelys,Presse,https://www.actu.fr/l-impartial/
La Dépêche,Évreux,Presse,https://www.actu.fr/la-depeche-evreux/
Le Courrier de l'Eure,Le Neubourg,Presse,https://www.actu.fr/le-courrier-de-l-eure/
Le Démocrate Vernonnais,Vernon,Presse,https://www.actu.fr/le-democrate-vernonnais/
RADIO CRISTAL,Évreux,Radio,https://www.maradiocristal.com/
La Dépêche de Louviers,Louviers,Presse,https://actu.fr/la-depeche-louviers/
L'Action Républicaine,Nogent-le-Rotrou,Presse,https://www.actu.fr/l-action-republicaine/
Côté Brest,Brest,Presse,https://actu.fr/cote-brest/
Côté Quimper,Quimper,Presse,https://actu.fr/cote-quimper/
L'Hebdo du Finistère,Brest,Presse,https://www.actu.fr/le-courrier-le-progres/
Le Courrier-Le Progrès,Quimper,Presse,https://actu.fr/le-courrier-le-progres/
Ouest France,Concarneau,Presse,https://www.ouest-france.fr
Ouest France,Carhaix-Plouguer,Presse,https://www.ouest-france.fr
Ouest France,Quimperlé,Presse,https://www.ouest-france.fr
Ouest France,Quimper,Presse,https://www.ouest-france.fr
Ouest France,Brest,Presse,https://www.ouest-france.fr
Ouest France,Morlaix,Presse,https://www.ouest-france.fr
Radiocéan,Moëlan-sur-Mer,Radio,https://www.radiocean.com/
Le Républicain d'Uzès et du Gard,Uzès,Presse,https://www.lerepublicainduzes.fr
L’Echo du Tarn,Toulouse,Presse,-
Voix du Gers,Toulouse,Presse,-
Voix du Midi (Actu Toulouse),Toulouse,Presse,https://www.actu.fr/toulouse/
Le Journal du Pays Yonnais,Gironde-sur-Dropt,Presse,https://www.actu.fr/le-journal-du-pays-yonnais/
Le Républicain Sud Gironde,Langon,Presse,https://www.actu.fr/sud-gironde
Actu Bordeaux,Bordeaux,Pure-player,https://actu.fr/bordeaux/
La Chronique Républicaine,Fougères,Presse,https://www.actu.fr/la-chronique-republicaine/
Le Journal de Vitré,Vitré,Presse,https://www.actu.fr/le-journal-de-vitre/
Le Pays Malouin,Saint-Malo,Presse,https://www.actu.fr/le-pays-malouin/
Ouest France,Rennes,Presse,https://www.ouest-france.fr
Ouest France,Redon,Presse,https://www.ouest-france.fr
Ouest France,Saint-Malo,Presse,https://www.ouest-france.fr
Ouest France,Fougères,Presse,https://www.ouest-france.fr
Ouest France,Vitré,Presse,https://www.ouest-france.fr
Ouest France,Rennes,Presse,https://www.ouest-france.fr
La Voix du Jura,Lons-le-Saunier,Presse,https://www.actu.fr/la-voix-du-jura
L'Echo de la Presqu'île,Guérande,Presse,https://www.actu.fr/l-echo-de-la-presqu-ile/
L'Éclaireur de Châteaubriant,Châteaubriant,Presse,https://actu.fr/l-eclaireur-de-chateaubriant/
L'Hebdo de Sèvre et Maine,Clisson,Presse,https://www.actu.fr/l-hebdo-de-sevre-et-maine/
Le Courrier du Pays de Retz,Pornic,Presse,https://www.actu.fr/le-courrier-du-pays-de-retz/
Ouest France,Saint-Nazaire,Presse,https://www.ouest-france.fr
Ouest France,Nantes,Presse,https://www.ouest-france.fr
Ouest France,La Baule-Escoublac,Presse,https://www.ouest-france.fr
Ouest France,Ancenis,Presse,https://www.ouest-france.fr
Ouest France,Châteaubriant,Presse,https://www.ouest-france.fr
Presse Océan,Nantes,Presse,https://www.presseocean.fr
Presse Océan,Saint-Nazaire,Presse,https://www.presseocean.fr
L'Echo de la Presqu'île,Saint-Nazaire,Presse,https://www.actu.fr/l-echo-de-la-presqu-ile/
La Vie Quercynoise,Cahors,Presse,https://actu.fr/lot/
Le Républicain Lot et Garonne,Marmande,Presse,https://www.actu.fr/le-republicain-lot-et-garonne
Le Courrier de l'Ouest,Saumur,Presse,https://www.courrierdelouest.fr
Le Courrier de l'Ouest,Angers,Presse,https://www.courrierdelouest.fr
Ouest France,Cholet,Presse,https://www.ouest-france.fr
Côté Manche,Saint-Lô,Presse,https://actu.fr/cote-manche/
La Presse de la Manche,Cherbourg-en-Cotentin,Presse,https://actu.fr/la-presse-de-la-manche/
Ouest France,Coutances,Presse,https://www.ouest-france.fr
Ouest France,Avranches,Presse,https://www.ouest-france.fr
Ouest France,Saint-Lô,Presse,https://www.ouest-france.fr
Ouest France,Cherbourg-en-Cotentin,Presse,https://www.ouest-france.fr
Ouest France,Granville,Presse,https://www.ouest-france.fr
C'est à Cherbourg,Cherbourg,Pure-player,https://actu.fr/c-est-a-cherbourg/
Ouest France,Mayenne,Presse,https://www.ouest-france.fr
Ouest France,Château-Gontier,Presse,https://www.ouest-france.fr
Ouest France,Laval,Presse,https://www.ouest-france.fr
La Gazette du Centre Morbihan,Locminé,Presse,https://actu.fr/la-gazette-du-centre-morbihan/
Le Ploërmelais,Ploërmel,Presse,https://www.actu.fr/le-ploermelais/
Ouest France,Ploërmel,Presse,https://www.ouest-france.fr
Ouest France,Auray,Presse,https://www.ouest-france.fr
Ouest France,Pontivy,Presse,https://www.ouest-france.fr
Ouest France,Vannes,Presse,https://www.ouest-france.fr
Ouest France,Lorient,Presse,https://www.ouest-france.fr
Pontivy Journal,Pontivy,Presse,https://www.actu.fr/pontivy-journal/
Océane FM,Questembert,Radio,https://www.oceanefm.com
Actu Morbihan,Vannes,Pure-player,https://actu.fr/morbihan/
Lorraine Actu,Metz,Pure-player,https://actu.fr/lorraine/
Croix du Nord,Lille,Presse,https://actu.fr/lille/
L'Orne Combattante,Flers,Presse,https://www.actu.fr/l-orne-combattante/
L’Orne Hebdo,Alençon,Presse,https://www.actu.fr/orne-hebdo/
Le Journal de l'Orne,Argentan,Presse,https://actu.fr/le-journal-de-l-orne/
Le Perche,Mortagne-au-Perche,Presse,https://www.actu.fr/le-perche/
Le Publicateur Libre,Domfront en Poiraie,Presse,https://www.actu.fr/le-publicateur-libre/
Le Réveil Normand,L'Aigle,Presse,https://www.actu.fr/le-reveil-normand/
Ouest France,Argentan,Presse,https://www.ouest-france.fr
Ouest France,Flers,Presse,https://www.ouest-france.fr
Ouest France,Alençon,Presse,https://www.ouest-france.fr
L’Echo Sarthois,La Ferté-Bernard,Presse,https://actu.fr/l-echo-sarthois/
Le Maine Libre,Le Mans,Presse,https://www.lemainelibre.fr/
Le Petit Courrier – L’Echo de la Vallée du Loir,Montval-sur-Loir,Presse,https://www.actu.fr/le-courrier-l-echo/
Les Alpes Mancelles,Sillé-le-Guillaume,Presse,https://www.actu.fr/les-alpes-mancelles/
Les Nouvelles – L'Echo Fléchois,Sablé-sur-Sarthe,Presse,https://www.actu.fr/les-nouvelles-de-sable/
Les Nouvelles de Sablé,Sablé-sur-Sarthe,Presse,https://actu.fr/les-nouvelles-de-sable/
Ouest France,Sablé-sur-Sarthe,Presse,https://www.ouest-france.fr
Ouest France,La Flèche,Presse,https://www.ouest-france.fr
Ouest France,Le Mans,Presse,https://www.ouest-france.fr
Côté la Flèche,Sablé-sur-Sarthe,Presse,https://actu.fr/cote-la-fleche/
Actu Paris,Paris,Pure-player,https://actu.fr/paris/
Côté Rouen,Rouen,Presse,https://actu.fr/76actu/
L'éclaireur-La dépêche,Gournay-en-Bray,Presse,https://actu.fr/l-eclaireur-la-depeche
L'informateur d'Eu - L’Éclaireur de Gamaches,Eu,Presse,https://actu.fr/l-informateur-d-eu/
L’Eclaireur du Vimeu,Eu,Presse,https://www.actu.fr/l-informateur-d-eu/
L’Informateur,Eu,Presse,https://www.actu.fr/l-informateur-d-eu/
Le Bulletin de l’Arrondissement de Rouen,Darnétal,Presse,https://www.bulletin-darnetal.fr
Le Journal d’Elbeuf,Elbeuf,Presse,https://www.actu.fr/le-journal-d-elbeuf/
Le Réveil,Neufchâtel-en-Bray,Presse,https://www.actu.fr/le-reveil-de-neufchatel/
Le Réveil de Neufchâtel,Neufchâtel-en-Bray,Presse,https://actu.fr/le-reveil-de-neufchatel/
Les Informations Dieppoises,Dieppe,Presse,https://www.actu.fr/les-informations-dieppoises/
La Marne,Meaux,Presse,https://www.actu.fr/la-marne/
La République de Seine-et-Marne,Melun,Presse,https://www.actu.fr/la-republique-de-seine-et-marne/
Le Pays Briard,Coulommiers,Presse,https://www.actu.fr/le-pays-briard/
Le Courrier de Mantes,Mantes-la-Jolie,Presse,https://www.actu.fr/78actu/
Le Courrier des Yvelines,Versailles,Presse,https://www.actu.fr/78actu/
Les Nouvelles,Versailles,Presse,https://actu.fr/78actu/
Toutes les Nouvelles,Versailles,Presse,https://www.actu.fr/78actu/
Le Journal d’Abbeville,Abbeville,Presse,https://www.actu.fr/le-journal-d-abbeville/
Vaucluse Hebdo,Avignon,Presse,https://www.vaucluse-hebdo.fr
Le Courrier Vendéen,Challans,Presse,https://www.actu.fr/le-courrier-vendeen/
Le Journal des Sables,Olonne-sur-Mer,Presse,https://actu.fr/le-journal-des-sables/
Les Sables Vendée Journal,Olonne-sur-Mer,Presse,https://actu.fr/le-journal-des-sables/
Ouest France,Les Herbiers,Presse,https://www.ouest-france.fr
Ouest France,Fontenay-le-Comte,Presse,https://www.ouest-france.fr
Ouest France,La Roche-sur-Yon,Presse,https://www.ouest-france.fr
Ouest France,Les Sables-d'Olonne,Presse,https://www.ouest-france.fr
Ouest France,Saint-Gilles-Croix-de-Vie,Presse,https://www.ouest-france.fr
Actu Essonne,Evry,Pure-player,https://actu.fr/essonne/
L'Echo - Le régional,Pontoise,Presse,https://actu.fr/la-gazette-du-val-d-oise/
La Gazette du Val d’Oise,Pontoise,Presse,https://www.actu.fr/la-gazette-du-val-d-oise/
20 Minutes,Marseille,Presse,https://www.20minutes.fr/marseille/
20 Minutes,Toulouse,Presse,https://www.20minutes.fr/toulouse/
20 Minutes,Bordeaux,Presse,https://www.20minutes.fr/bordeaux/aquitaine/
20 Minutes,Nantes,Presse,https://www.20minutes.fr/nantes/
20 Minutes,Lille,Presse,https://www.20minutes.fr/lille/
20 Minutes,Strasbourg,Presse,https://www.20minutes.fr/strasbourg/
20 Minutes,Lyon,Presse,https://www.20minutes.fr/lyon/
La Thiérache,Vervins,Presse,https://www.la-thierache.fr
Le Courrier – La Gazette,Hirson,Presse,https://www.lecourrierdhirson.fr
La Semaine de l'Allier,Moulins,Presse,https://www.lasemainedelallier.fr
La Semaine des Ardennes,Charleville-Mézières,Presse,https://www.lasemainedesardennes.fr
Le Démocrate Indépendant,Bergerac,Presse,https://www.ledemocratedebergerac.fr
L'Observateur de l'Avesnois,Avesnelles,Presse,https://www.lobservateur.fr/avesnois
L'Observateur du Cambrésis,Cambrai,Presse,https://www.lobservateur.fr/cambresis
L'Observateur du Cambrésis,Douai,Presse,https://www.lobservateur.fr/douaisis
L'Observateur du Valenciennois,Valenciennes,Presse,https://www.lobservateur.fr/valenciennois
La Sambre – la Frontière,Maubeuge,Presse,https://www.lobservateur.fr/sambre
Le Courrier de Fourmies,Fourmies,Presse,https://www.lobservateur.fr/fourmies
L'Echo du Thelle,Méru,Presse,https://www.lechoduthelle.fr
L'Observateur de Beauvais,Beauvais,Presse,https://www.lobservateurdebeauvais.fr
Le Bonhomme Picard,Grandvilliers,Presse,https://www.lebonhommepicard.fr
L’Observateur de l’Arrageois,Arras,Presse,https://www.lobservateur.fr/category/arrageois
La Semaine des Pyrénées,Tarbes,Presse,https://www.lasemainedespyrenees.fr
Le Journal de Ham,Ham,Presse,https://www.lejournaldeham.fr
Echo d’Ile de France,Le Raincy,Presse,https://www.echoidf.fr
L'Hebdo de l'Ardèche – Terre Vivaroise,Valence,Presse,https://www.hebdo-ardeche.fr
Peuple Libre – Drôme hebdo,Valence,Presse,https://www.drome-hebdo.fr
L'Echo du Berry,La Châtre,Presse,https://www.echoduberry.fr
La Voix de la Haute Marne,Chaumont,Presse,https://www.voixdelahautemarne.fr
La Renaissance,Paray-le-Monial,Presse,https://www.la-renaissance.net
La Voix de l'Ain,Bourg-en-Bresse,Presse,https://www.lavoixdelain.fr
Le Journal de la Côtière,Montluel,Presse,https://www.bugey-cotiere.fr
Le Journal du Bugey,Ambérieu-en-Bugey,Presse,https://www.bugey-cotiere.fr
Le Pays Gessien,Bellegarde-sur-Valserine,Presse,https://www.lepaysgessien.fr
FC Radio,Montluel,Radio,https://fcradio.fr/
Radio B,Bourg-en-Bresse,Radio,https://www.radio-b.fr
L'Axonais,Soissons,Presse,-
Le Démocrate de l'Aisne,Vervins,Presse,-
MaTélé,Saint-Quentin,Télé,https://www.matele.tv
L’Aurore du Bourbonnais,Moulins,Presse,https://www.auroredubourbonnais.fr/
RMB,Montluçon,Radio,https://www.radiormb.com
Regard Actu,Durdat-Larequille,Pure-player,https://regardactu.com 
Radio Coquelicot,EBREUIL,Radio,https://www.radiocoquelicot.com
L'esprit Sport et bien-être,Moulins,Presse,https://www.espritsportetbienetre.fr/le-mag/
La Canarde Sauvage,Reillanne,Presse,https://lacanardesauvage.free.fr/
Haute Provence Info,Manosque,Presse,https://www.hauteprovenceinfo.com
Alpes et Midi,Gap,Presse,https://www.alpes-et-midi.fr
D!CI TV,Chorges,Télé,https://www.dici.fr/
L'Avenir Côte d'Azur,Cannes,Presse,https://www.avenir-cotedazur.com
La Strada,Saint-Laurent-du-Var,Presse,https://fr-fr.facebook.com/journal.lastrada/
Tribune Bulletin Côte d'Azur,Nice,Presse,https://www.tribuca.fr
Cannes Radio,Cannes,Radio,https://www.cannesradio.com
Azur TV,Nice,Télé,https://www.azur-tv.fr/
Provence Azur,Nice,Télé,https://www.provenceazur-tv.fr/
Ligne 16,Nice,Pure-player,https://www.ligne16.net/
La Tribune,Tournon-sur-Rhône,Presse,https://www.e-tribune.fr
RADIO DES BOUTIERES (RDB),LE CHEYLARD,Radio,https://www.rdbfm.com
RADIO 8,Sedan,Radio,https://www.radio8fm.com/
RVM,Charleville-Mézières,Radio,https://www.rvm.fr
Revin WebTV,Revin,Pure-player,https://www.revinwebtv.fr/
La Gazette Ariégeoise,Foix,Presse,https://www.gazette-ariegeoise.fr
RDC RAdio Couserans,Saint-Girons,Radio,https://radiocouserans.fr/
La Télé buissonnière,Foix,Pure-player,https://tele-buissonniere.org/
Latitude,Pont-Sainte-Marie,Radio,https://www.latitude.fm
Canal 32,Saint-André-les-Vergers,Télé,https://www.canal32.fr/
Grand Sud FM,Narbonne,Radio,https://www.grandsudfm.com
Gardarem Lo Larzac,La Roque-Sainte-Marguerite,Presse,https://larzac.org/accueil/echos-et-publications/gll-le-journal-du-larzac-solidaire/
Le Progrès Saint Affricain,Saint-Affrique,Presse,https://www.leprogresstaffricain.fr
Bulletin d'Espalion,Espalion,Presse,https://www.bulletindespalion.fr
Journal de Millau,Millau,Presse,https://www.journaldemillau.fr
L'Hebdo,Rodez,Presse,https://www.l-hebdo.com
La Volonté Paysanne,Rodez,Presse,https://www.lavolontepaysanne.fr/
Totem,Luc-la-Primaube,Radio,https://radiototem.fr
Aveyron Digital News (ADN),Saint-Affrique,Pure-player,https://www.aveyrondigitalnews.fr/
La Liberté l'Homme de Bronze – le Commercial Provence,Arles,Presse,https://www.lalibertelecommercial.fr
La Marseillaise,Marseille,Presse,https://www.lamarseillaise.fr
La Marseillaise,Martigues,Presse,https://www.lamarseillaise.fr
Le Ravi,Marseille,Presse,https://www.leravi.org/
Le Régional,Salon-de-Provence,Presse,https://www.leregional.fr
Le ventilo,Marseille,Presse,https://www.journalventilo.fr/
Travaux Publics et Bâtiment du Midi,Marseille,Presse,https://www.tpbm-presse.com/
Zibeline,Marseille,Presse,https://www.journalzibeline.fr/
Fatche 2,Marseille,Presse,https://www.fatche2.fr/
Sortir (Marseille),Marseille,Presse,https://paca.sortir.eu/
Radio Grenouille,Marseille,Radio,https://www.radiogrenouille.com
Radio Camargue,Port-Saint-Louis-du-Rhône,Radio,https://www.radio-camargue.com/
Airelles Vidéo,Aix-en-Provence,Télé,https://www.airelles-video.fr/
Fokus21,Marseille,Télé,https://www.fokus21.org/
Maritima TV,Martigues,Télé,https://www.maritima.info
Anonymal TV,Aix-en-Provence,Pure-player,https://www.anonymal.tv/
Bleu Tomate,Marseille,Pure-player,https://www.bleu-tomate.fr
"Boulègue, la télévision participative du 3ème",Marseille,Pure-player,https://www.youtube.com/channel/UCkVkZnHA2tR8F-3BhQ3xmMA/videos
Et Baam,Allauch,Pure-player,https://etbaam.com/
GoMet',Marseille,Pure-player,https://www.go-met.com/
La nuit Magazine,Marseille,Pure-player,https://www.lanuitmagazine.com/
Made in Marseille,Marseille,Pure-player,https://madeinmarseille.net/
Marcelle,Marseille,Pure-player,https://marcelle.media/
Marsactu,Marseille,Pure-player,https://marsactu.fr/
Marseille Info,Marseille,Pure-player,https://marseilleinfo.com/
Marseille Infos autonomes,Marseille,Pure-player,https://mars-infos.org/
Télé Mouche,Aubagne,Pure-player,https://telemouche.com/
Fréquence Sud,Marseille,Pure-player,https://www.frequence-sud.fr/
Que Faire en Famile,Marseille,Pure-player,https://quefaireenfamille.com/
Iski,Marseille,Pure-player,https://www.iski.fr/
Massilia Magazine,Marseille,Pure-player,https://massiliamagazine.wordpress.com/
Maritima Marseille,Marseille,Radio,https://www.maritima.info/
Maritima Etang de Berre,Martigues,Radio,https://www.maritima.info/
Racailles,Caen,Presse,https://www.racailles.info
Radio VFM,Caen,Radio,https://www.vfmradio.fr/
Radio Tou’Caen (Radio Caen Métropole Normandie),Caen,Pure-player,https://radio-toucaen.fr/
Jordanne FM,Aurillac,Radio,https://www.jordannefm.fr
Totem,Aurillac,Radio,https://radiototem.fr
Le Paysan Vigneron,Cognac,Presse,-
Rézonances TV,Angoulême,Pure-player,https://www.rezonances-tv.org/
Rhizome,Montbron,Pure-player,https://rhizome.media
SudCharente TV,Montmoreau,Pure-player,https://www.sudcharentetv.fr/
Haute Saintonge,Jonzac,Presse,-
Villeneuve-info,La Rochelle,Presse,https://www.collectif-villeneuve.com/villeneuve-info/
L'Angérien Libre,Saint-Jean-d'Angély,Presse,https://www.langerienlibre.fr
L'Hebdo de Charente Maritime,Surgères,Presse,https://www.lhebdo17.fr
Le Littoral de la Charente Maritime,Marennes,Presse,https://www.le-littoral.com
Le Phare de Ré,Saint-Martin-de-Ré,Presse,https://www.pharedere.com
Demoiselle FM,Rochefort,Radio,https://www.demoisellefm.com/
MO-TV (Marennes Oléron TV),Marennes,Pure-player,https://www.mo-tv.fr/
Televilleneuve,La Rochelle,Pure-player,https://www.televilleneuve.fr/
Le Berry Républicain,Saint-Amand-Montrond,Presse,https://www.leberry.fr/
Le Berry Républicain,Bourges,Presse,https://www.leberry.fr/
Le Berry Républicain,Vierzon,Presse,https://www.leberry.fr/
Le Berry Républicain,Aubigny-sur-Nère,Presse,https://www.leberry.fr/
L'écho - Corrèze,Tulle,Presse,https://l-echo.info/
La Trousse Corrézienne,Tulle,Presse,https://la-trousse-correzienne.org/
La Vie Corrézienne,Brive-la-Gaillarde,Presse,https://www.laviecorrezienne.fr
Totem,Brive-la-Gaillarde,Radio,https://radiototem.fr
Corrèze Télévision,Uzerche,Pure-player,https://www.correzetelevision.fr/
Contact magazine,Dijon,Presse,-
L'Auxois Libre,Semur-en-Auxois,Presse,-
Bourgogne Magazine,Fontaine-lès-Dijon,Presse,https://www.bourgognemagazine.com/
Dijon Beaune,Fontaine-lès-Dijon,Presse,https://www.dijonbeaunemag.fr/
Dijon Capitale,Fontaine-lès-Dijon,Presse,https://www.dijoncapitale.fr
Jondi,Dijon,Presse,https://jondi.fr/
Le Châtillonnais et l'Auxois,Châtillon-sur-Seine,Presse,https://www.lechatillonnaisetlauxois.fr
Magma,Asnières-lès-Dijon,Presse,https://www.magma-magazine.fr/
Sparse,Dijon,Presse,https://www.sparse.fr/a-propos/
K6FM,Dijon,Radio,https://www.k6fm.com
Dijoncter.info,Dijon,Pure-player,https://dijoncter.info/
Happy Bourgogne,Dijon,Pure-player,https://blog.happybourgogne.com
Dijon l'hebdo,Dijon,Pure-player,https://www.dijonlhebdo.fr/
L'Hebdomadaire d'Armor,Merdrignac,Presse,https://www.hebdo-armor.com/
Le Journal des entreprises,Saint-Brieuc,Presse,https://www.lejournaldesentreprises.com
Paysan Breton,Plérin,Presse,https://www.paysan-breton.fr
D'ICI,Saint-Quay-Portrieux,Presse,https://www.dicimag.com/
Le Peuple Breton,Saint-Brieuc,Presse,https://lepeuplebreton.bzh
TV Tregor,Lannion,Pure-player,https://tv-tregor.com/
Dispak,Saint-Brieuc,Pure-player,https://www.dispak.bzh/
Radio Kreiz Breizh,Saint-Nicodème,Radio,https://www.radiobreizh.bzh/fr/rkb/radio.php
Bretagne 5,Quessoy,Radio,https://www.bretagne5.fr
IPNS,Faux-la-Montagne,Presse,https://www.journal-ipns.org/
L'écho - Creuse,Guéret,Presse,https://l-echo.info/
Télé Millevaches,Faux-la-Montagne,Pure-player,https://telemillevaches.net/
L'écho - Dordogne,Périgueux,Presse,https://l-echo.info/
L'Essor Sarladais,Sarlat-la-Canéda,Presse,https://www.essorsarladais.com
B.95 (Radio Bergerac),Bergerac,Radio,https://www.bergerac95.fr/
Canal Pourpre,Bergerac,Pure-player,https://www.canalpourpre.info/
La Terre de chez nous,Besançon,Presse,https://www.laterredecheznous.com/
PLEIN AIR,Doubs,Radio,https://pleinair.net/
Factuel,Besançon,Pure-player,https://factuel.info
Radio Bip,Besançon,Pure-player,https://radiobip.fr/site/
L'Echo Drôme Ardèche,Valence,Presse,https://www.echo-drome-ardeche.com
L'Impartial de la Drôme,Romans-sur-Isère,Presse,https://www.limpartial.fr
Le Crestois,Crest,Presse,http://le-crestois.fr/
Radio Là,Dieulefit,Radio,https://www.radiola.media
Le Bec,Crest,Pure-player,https://www.lebec.info
Montélimar News,Montélimar,Pure-player,https://www.montelimar-news.fr/
Le Bec,Crest,Pure-player,https://www.lebec.info/nouvelles-publications/
Radio BLV,Bourg-Lès-Valence,Radio,https://www.radioblv.com/
RDWA,Die,Radio,https://www.rdwa.fr/
JOURNAL DU DIOIS ET DE LA DRÔME,Die,Presse,https://journaldudiois.jimdo.com/
Radio Saint Ferréol,Crest,Radio,https://www.radiosaintfe.com/
ZeRadio Seine Eure,Val-de-Reuil,Pure-player,https://zeradio.radioweb.co/
L'Echo de Brou,Brou,Presse,https://www.lechodebrou.fr
Radio Intensité,Châteaudun,Radio,https://intensite.net/
Chartes.live,Chartres,Pure-player,https://www.chartres.live/
Le 28.TV,Chartres,Pure-player,https://le28.tv/
Le Journal des entreprises,Brest,Presse,https://www.lejournaldesentreprises.com
Le Poher,Carhaix-Plouguer,Presse,https://www.lepoher.fr/
Bourrasque,Brest,Pure-player,https://bourrasque-info.org/
Breizh-Info,Carhaix-Plouguer,Pure-player,https://www.breizh-info.com/
Bretagne Bretons,Brest,Pure-player,https://www.bretagne-bretons.fr
Eco-Bretons.info,Morlaix,Pure-player,https://www.eco-bretons.info
Oufipo,Brest,Pure-player,https://oufipo.org/
Radio Evasion,Le Faou,Radio,https://www.radioevasion.net/
RADIO KERNE,Plonéis,Radio,https://www.radiobreizh.bzh/fr/kern/radio.php
RCF PENN-AR-BED,Brest,Radio,https://www.radiobreizh.bzh/fr/rcf/radio.php
ARVORIG FM,Landerneau,Radio,https://www.radiobreizh.bzh/fr/arfm/radio.php
Radio Nord Bretagne,Plouigneau,Radio,https://www.nordbretagne.fr
Radio Evasion,Le Faou,Radio,https://www.radioevasion.net
Radio Pays de Léon (RPL),Landivisiau,Radio,https://www.radiopaysdeleon.fr/
Sans Transition ! Bretagne,Morlaix,Presse,https://www.sans-transition-magazine.info/bretagne
La Gazette de Nîmes,Nîmes,Presse,https://www.lagazettedenimes.fr
Le Réveil du Midi,Nîmes,Presse,https://www.lereveildumidi.fr
Totem,Alès,Radio,https://radiototem.fr
Fréquence Uzège,Uzès,Pure-player,https://www.frequenceuzege.com/
L’Eko des Quartiers,Nîmes,Pure-player,https://www.ekodesquartiers.net/
Télédraille,Tornac,Pure-player,https://teledraille.org/
Boudu,Toulouse,Presse,https://www.boudulemag.com/
Le Journal des entreprises,Labège,Presse,https://www.lejournaldesentreprises.com
Le Journal Toulousain,Toulouse,Presse,https://www.lejournaltoulousain.fr
Le trait d'union paysan,Toulouse,Presse,https://www.tup31.com/
ToulEco,Toulouse,Presse,https://www.touleco.fr/
Sortir (Toulouse),Toulouse,Presse,https://occitanie.sortir.eu/
Reynerie Miroir,Toulouse,Presse,https://reyneriemiroir.jimdo.com/
Boudu Toulouse,Toulouse,Pure-player,https://www.boudu-toulouse.com
IAATA,Toulouse,Pure-player,https://iaata.info/
Médiacités Toulouse,Toulouse,Pure-player,https://www.mediacites.fr/toulouse/
Résonance sonore,Toulouse,Pure-player,https://resonance-sonore.fr/
Résonance sonore,Toulouse,Pure-player,https://resonance-sonore.fr
Reynerie TV,Toulouse,Pure-player,https://www.reynerietv.com/
Toulouse Infos,Toulouse,Pure-player,https://www.toulouseinfos.fr/
TV Bruits,Toulouse,Pure-player,https://tvbruits.org/
Chouf Tolosa,Toulouse,Pure-player,https://chouftolosa.info/
Toulouse7,Toulouse,Pure-player,https://www.toulouse7.com/
Parlem TV,Nogaro,Pure-player,https://parlemtv.fr/
Courrier Français,Bordeaux,Presse,https://www.courrier-francais.com
Haute Gironde,Blaye,Presse,https://www.hautegironde.fr
JUNKPAGE,Bordeaux,Presse,https://journaljunkpage.tumblr.com/
L'echo des collines,Cenon,Presse,https://www.echodescollines.fr/
Le Journal des entreprises,Eysines,Presse,https://www.lejournaldesentreprises.com
Le Résistant,Libourne,Presse,https://www.leresistant.fr
Sortir (Bordeaux),Bordeaux,Presse,https://nouvelleaquitaine.sortir.eu/
ARL (Aquitaine Radio Live),Langon,Radio,https://www.arlfm.com/
R.I.G,Blanquefort,Radio,https://www.rigfm.fr
Bordeaux TV,Bordeaux,Télé,https://www.bordeaux.tv/
Aqui !,Cenon,Pure-player,https://www.aqui.fr/
Canal Bastide,Sainte-Foy-la-Grande,Pure-player,https://www.coeurdebastide.com/tv-canal-bastide/
Curieux Live,Bordeaux,Pure-player,https://www.curieux.live/
Infos Bordeaux,Bordeaux,Pure-player,https://www.infos-bordeaux.fr
Quoi faire à Bordeaux,Bordeaux,Pure-player,https://quoifaireabordeaux.com/
Revue Far Ouest,Bordeaux,Pure-player,https://www.revue-farouest.fr/
Rue89 Bordeaux,Bordeaux,Pure-player,https://rue89bordeaux.com/
TooBordo,Bordeaux,Pure-player,https://toobordo.net/
Le Type,Bordeaux,Pure-player,https://letype.fr/
L'Agglorieuse,Montpellier,Presse,https://www.lagglorieuse.info
La Gazette de Montpellier,Montpellier,Presse,https://www.lagazettedemontpellier.fr
La gazette de Sète,Sète,Presse,https://www.gazettedesete.com/
La Marseillaise,Montpellier,Presse,https://www.lamarseillaise.fr
La Pieuvre du Midi,Béziers,Presse,https://lapieuvredumidi.com
La Semaine du Minervois,Olonzac,Presse,https://www.semaineduminervois.com
Busk,Montpellier,Presse,https://busk-magazine.com/
L'Agglorieuse,Montpellier,Presse,https://www.lagglorieuse.info/
Radio One,Juvignac,Radio,https://www.radioone.fr/
RTS (Radio Thau Sète),Sète,Radio,https://www.rtsfm.com
Agglo TV,Mudaison,Pure-player,https://agglo.tv
Dis-leur,Sète,Pure-player,https://dis-leur.fr/
En vie à Beziers,Béziers,Pure-player,https://www.envieabeziers.info/
Grizette,Montpellier,Pure-player,https://www.grizette.com/
Kaina TV,Montpellier,Pure-player,https://kaina.tv/
Le d'Oc,Montpellier,Pure-player,https://ledoc-info.com/
Le Pressoir,Montpellier,Pure-player,https://lepressoir-info.org/
Metropolitain,Pérols,Pure-player,https://e-metropolitain.fr/
Lokko,Montpellier,Pure-player,https://www.lokko.fr/
Le Poing,Montpellier,Pure-player,https://lepoing.net/
Sans Transition ! Occitanie,Montpellier,Presse,https://www.sans-transition-magazine.info/occitanie
L'Opinion Indépendante,Saint-Malo,Presse,https://www.lopinion.com
Le Journal des entreprises,Rennes,Presse,https://www.lejournaldesentreprises.com
Les Infos pays de Redon,Redon,Presse,https://www.infosredon.fr
Sciences Ouest,Rennes,Presse,https://www.espace-sciences.org/sciences-ouest
Radio Caroline,Rennes,Radio,https://www.radiocaroline.bzh
TVR,Rennes,Télé,https://www.tvr.bzh/
Expansive,Rennes,Pure-player,https://expansive.info/
Rennes 24,Rennes,Pure-player,https://rennes24.info
Bikini,Saint-Grégoire,Presse,https://bikinimag.fr
Yegg,Rennes,Presse,https://yeggmag.fr
Radio Rennes,Rennes,Radio,https://radiorennes.fr
Unidivers,Rennes,Pure-player,https://www.unidivers.fr/
L'écho - Indre,Châteauroux,Presse,https://l-echo.info/
BIP TV,Issoudun,Télé,https://www.biptv.tv/
La Bouinote,Châteauroux,Presse,http://www.la-bouinotte.org/
La lettre Valloire,Beaulieu-lès-Loches,Presse,https://www.lettrevalloire.com
La Renaissance Lochoise,Loches,Presse,https://www.renaissancelochoise.com
Le vin ligérien,Tours,Presse,https://www.levinligerien.fr
TMV,Tours,Presse,https://www.tvmtours.fr
37 degrés,Tours,Pure-player,https://www.37degres-mag.fr/mentions-legales/
Citeradio,Tours,Pure-player,https://citeradio.fr
La Rotative,Tours,Pure-player,https://larotative.info/
Info Tours,Tours,Pure-player,https://info-tours.fr/
le Postillon,Fontaine,Presse,https://www.lepostillon.org
L'Essor Isère,Vienne,Presse,https://www.lessor38.fr/
La Vie Nouvelle,Grenoble,Presse,https://www.la-vie-nouvelle.fr
Le Courrier Liberté,Bourgoin-Jallieu,Presse,https://www.lecourrierliberte.fr
Le Crieur de la Villeneuve,Grenoble,Presse,https://www.lecrieur.net/
Le Mémo de l'Isère,Saint-Marcellin,Presse,https://www.memorialdelisere.fr
Les Affiches de Grenoble et du Dauphiné,Grenoble,Presse,https://www.affiches.fr
Les Antennes,Grenoble,Presse,https://lesantennes.org/lassociation
Télégrenoble,Grenoble,Télé,https://www.telegrenoble.net
CRIC-Grenoble,Grenoble,Pure-player,https://cric-grenoble.info/
Place Gre'Net,Grenoble,Pure-player,https://www.placegrenet.fr/
Placegrenet.fr,Grenoble,Pure-player,https://www.placegrenet.fr/
L'Averty,Grenoble,Pure-player,https://www.laverty.fr/
Radio Gresivaudan,Crolles,Radio,https://www.radio-gresivaudan.org/
RCF Isère,Grenoble,Radio,https://rcf.fr
Radio Campus Grenoble,Saint Martin d’Hères,Radio,https://campusgrenoble.org/
Hebdo 39,Lons-le-Saunier,Presse,https://hebdo39.net/
Fréquence Plus,Dole,Radio,https://www.frequenceplusfm.com
Jurawebtv.com,Foncine-le-Haut,Pure-player,https://jurawebtv.com/
Landemains,Soustons,Presse,https://www.noutous.fr/category/landemains/
Fréquence Grands Lacs,Biscarrosse,Radio,https://www.frequencegrandslacs.fr/
Canal Ha!,Hagetmau,Télé,https://www.youtube.com/channel/UCftKxCfGlHZrxwZzQ6Dz0sg/videos
Hapchot webradio,Rion-des-Landes,Pure-player,https://hapchotwebradio.fr/
TV Landes,Soustons,Pure-player,https://media-landes.fr/
La Renaissance du Loir et Cher,Blois,Presse,https://www.larenaisanceduloiretcher.fr
Le petit Solognot,Romorantin-Lanthenay,Presse,https://www.lepetitsolognot.fr/
Le Petit Vendômois,Vendôme,Presse,https://lepetitvendomois.fr
Sweet FM,Blois,Radio,https://www.sweetfm.fr/
Couac,Saint-Étienne,Presse,https://lenumerozero.lautre.net/-Couac
L'Essor Affiches Loire,Saint-Étienne,Presse,https://www.lessor42.fr/
La Pie du Pilat,Pélussin,Presse,https://lapiedupilat.fr/
Le Journal des entreprises,Saint-Étienne,Presse,https://www.lejournaldesentreprises.com
Activ Radio,Saint-Étienne,Radio,https://www.activradio.com/
TL7 (Télévision Loire 7),Saint-Genest-Lerpt,Télé,https://www.tl7.fr/
42 Info,Saint-Étienne,Pure-player,https://42info.fr/
Numéro Zéro,Saint-Étienne,Pure-player,https://lenumerozero.lautre.net/
Loire Football,Saint-Etienne,Pure-player,https://www.loirefootball.fr/
Radio Dio,Saint-Etienne,Radio,https://radiodio.org/
L'Eveil Hebdo,Le Puy-en-Velay,Presse,https://www.leveil.fr
LDV TV,Monistrol-sur-Loire,Télé,https://www.youtube.com/channel/UCuxlg2rURrkN0FHw4LV_PJg
La Lorgnette,Le Monastier-sur-Gazeille,Pure-player,https://lalorgnette.info/
Strada,Queyrières,Pure-player,https://www.strada-dici.com/
TéLé Regain,Brioude,Pure-player,https://tele-regain.fr/
Haute-Loire Football,ESPALY SAINT MARCEL,Pure-player,https://www.hauteloirefootball.fr
Zoomdici,Le Puy en Velay,Pure-player,https://www.zoomdici.fr/
Kostar,Nantes,Presse,https://www.kostar.fr
L'Echo d'Ancenis et du Vignoble,Ancenis,Presse,https://www.ancenis.net
La lettre à Lulu,Nantes,Presse,https://www.lalettrealulu.com/
Le Magazine des Autres Possibles (MAP),Nantes,Presse,https://lesautrespossibles.fr/
Place Publique,Nantes,Presse,https://www.revue-placepublique.fr/
Bigre,Nantes,Presse,https://www.bigre-magazine.fr/
Estuaire,Saint-Nazaire,Presse,https://www.estuaire.org/
Fragil,Nantes,Presse,https://www.fragil.org/
Grabuge,Nantes,Presse,https://www.grabugemag.com/
L'Echo de l'Ouest,Couëron,Presse,https://www.echo-ouest.fr
Le Journal des entreprises,Nantes,Presse,https://www.lejournaldesentreprises.com
Nantes Révoltée,Nantes,Presse,https://www.nantes-revoltee.com/
Pépites magazine,La Haie-Fouassière,Presse,https://www.pepitesmagazine.com/
Zadibao,Notre-Dame-des-Landes,Presse,https://zadibao.net
Sortir (Nantes),Nantes,Presse,https://paysdeloire.sortir.eu/
Wik (Nantes),Nantes,Presse,https://www.wik-nantes.fr/
Wik (Rennes),Nantes,Presse,https://www.wik-rennes.fr/
Prun'FM,Nantes,Radio,https://www.prun.net/
Hit West,Nantes,Radio,https://www.hitwest.com
RCA,Saint-Nazaire,Radio,https://www.rcalaradio.com/
Télénantes,Nantes,Télé,https://telenantes.com/
Actu Ouest,La Baule-Escoublac,Pure-player,https://actuouest.fr/
Actu44,Châteaubriant,Pure-player,https://www.actu44.fr/
Big City Life,Nantes,Pure-player,https://www.bigcitylife.fr/
Châteaubriant actualité,Châteaubriant,Pure-player,https://www.paysdechateaubriant.fr/
Médiacités Nantes,Nantes,Pure-player,https://www.mediacites.fr/nantes/
Saint-Nazaire News,Saint-Nazaire,Pure-player,https://www.saintnazairenews.fr/
Saint-Nazaire TV,Saint-Nazaire,Pure-player,https://www.saint-nazaire.tv/
MonStudio.TV,Rezé,Pure-player,https://www.monstudio.tv/
TV sur Erdre,Nort-sur-Erdre,Pure-player,https://tvsurerdre.fr/
VLIPP,Nantes,Pure-player,https://www.vlipp.fr/
Com et Médias,Nantes,Pure-player,https://www.cometmedias.com/
Idîle,Saint Jean de Boiseau,Presse,https://www.idilenantes.com/le-magazine/
Le Haut Parleur,Saint-Nazaire,Presse,https://www.lehautparleur.com/
Kinorama,Saint-Sébastien-sur-Loire,Presse,https://www.lekinorama.com/
Euradio,Nantes,Radio,https://euradio.fr/
SUN,Nantes,Radio,https://www.lesonunique.com/
La Lettre API,Nantes,Presse,https://www.agence-api.fr/
TV Sèvre et Maine,Clisson,Pure-player,https://tv-sevreetmaine.fr/
Télévision 3 Provinces,Boussay,Pure-player,https://www.tv-3p.fr/
Radio Naoned,Saint-Herblain,Radio,https://www.radionaoned.bzh/
L'Eclaireur du Gâtinais,Montargis,Presse,-
Le journal de la Sologne,Olivet,Presse,https://journalsologne.canalblog.com/
Edith,Orléans,Presse,https://edith-magazine.com/
Publi45,Orléans,Presse,https://www.publi45.fr/
La Tribune Hebdo d'Orléans,Olivet,Presse,https://www.tribune-hebdo-orleans.fr
La Tribune Hebdo de Tours,Olivet,Presse,https://www.tribune-hebdo-tours.fr/
Apostrophe45,Orléans,Pure-player,https://apostrophe45.fr/
La Gâtinaise,Montargis,Pure-player,https://lagatinaise.wixsite.com/webtv/
Mag’Centre,Orléans,Pure-player,https://www.magcentre.fr/
Pour info à Orléans,Orléans,Pure-player,https://piao.fr
Orléans TV,Orléans,Pure-player,https://www.youtube.com/channel/UCmz5c9DPywF-krTpWYWMhrg
Les actualités locales au cinéma,Reilhaguet,Pure-player,https://actualites-locales-au-cinema.fr/
Medialot,Cahors,Pure-player,https://medialot.fr/
La Feuille,Villeneuve-sur-Lot,Presse,https://lafeuille.info/
La Lozère Nouvelle,Mende,Presse,https://www.48info.fr
Totem,Mende,Radio,https://radiototem.fr
Le Journal des entreprises,Saint-Barthélemy-d'Anjou,Presse,https://www.lejournaldesentreprises.com
OXYGENE RADIO,Segré-en-Anjou Bleu,Radio,https://www.oxygeneradio.com/site/
Angers Télé,Angers,Télé,https://angers-tele.fr/
TLC - Télé Locale du Choletais,La Séguinière,Télé,https://www.tlc-cholet.com/
Angers info,Angers,Pure-player,https://www.my-angers.info/
Basse-Chaîne.info,Angers,Pure-player,https://basse-chaine.info/
Le Kiosque,Saumur,Pure-player,https://www.saumur-kiosque.com
SUN,Cholet,Radio,https://www.lesonunique.com/
Trélazé TV,Trélazé,Pure-player,https://www.trelaze.tv
Mordus d’entreprendre ,Angers,Presse,https://www.mordus.org/
La Gazette de la Manche,Saint-Hilaire-du-Harcouët,Presse,https://www.actu.fr/la-gazette-de-la-manche/
Avranches FM,Avranches,Pure-player,https://www.avranchesfm.fr/
La Champagne viticole,Épernay,Presse,https://www.lachampagneviticole.fr
Reims Good News,Reims,Pure-player,https://www.facebook.com/ReimsGoodNews/
Reims Medias Libres,Reims,Pure-player,https://reimsmediaslibres.info/
L'Affranchi de Chaumont,Chaumont,Presse,https://www.laffranchi.fr
Haut Anjou,Château-Gontier,Presse,https://www.hautanjou.com/
Le Courrier de la Mayenne,Laval,Presse,https://www.lecourrierdelamayenne.fr
leglob-journal,L'Huisserie,Pure-player,https://leglob-journal.fr/
L'avenir Agricole,Changé,Presse,https://aveniragricole.net
Journal Tête de noeud,Nancy,Presse,https://www.facebook.com/tdnlejournal/
Le Paysan Lorrain,Laxou,Presse,https://www.facebook.com/Paysan-Lorrain-236097887108782/
La Semaine de Nancy,Nancy,Presse,https://www.lasemaine.fr
Le Nouveau Jour J,Nancy,Presse,https://www.nouveaujourj.fr/
LOR’FM,Cosnes-et-Romain,Radio,https://www.lorfm.com/
Radio Campus Lorraine,Nancy,Radio,https://www.radiocampuslorraine.com/
La Fourmilière,Vandœuvre-lès-Nancy,Pure-player,https://fourmiliere.eu/
Kit FM,Verdun,Radio,https://kit.fm
Îl(e)s,Lorient,Presse,https://larevuedesiles.fr
Les Infos Pays de Ploërmel,Ploërmel,Presse,https://www.infosredon.fr
Le Journal des entreprises,Vannes,Presse,https://www.lejournaldesentreprises.com
Sorties de Secours,Lorient,Presse,https://www.sortiesdesecours.com
Jaime Radio,Lorient,Radio,https://www.jaimeradio.fr/
RMN,Gourin,Radio,https://www.rmn.bzh
TV Rhuys,Sarzeau,Télé,https://tvrhuys.com/
Les infos du pays Gallo,Caro,Pure-player,https://www.lesinfosdupaysgallo.com/
PLUM' FM,Sérent,Radio,https://www.radiobreizh.bzh/bzh/plum/radio.php
RADIO BRO GWENED,Pontivy,Radio,https://www.radiobreizh.bzh/fr/rbg/radio.php
Timbre FM,Augan,Radio,https://timbrefm.fr/
La Semaine Metz Thionville Moselle,Metz,Presse,https://www.lasemaine.fr
Le Journal des entreprises,Metz,Presse,https://www.lejournaldesentreprises.com
Direct FM,Metz,Radio,https://www.directfm.fr/
Radio Mélodie,Sarreguemines,Radio,https://www.radiomelodie.com
Radio Studio 1,Bitche,Radio,https://www.radiostudio1.com
Cristal,Bitche,Télé,https://www.tvcristal.net/
ENESTV,Creutzwald,Télé,https://www.enestv.fr/
Mosaïk - Cristal,Sarreguemines,Télé,https://www.mosaik-cristal.tv
Mosaïk - Cristal,Bitche,Télé,https://www.mosaik-cristal.tv
TV Rosselle,Petite-Rosselle,Télé,https://www.tvrosselle.com/
TV8 Moselle-Est,Forbach,Télé,https://www.tv8.fr/
vià Mirabelle,Woippy,Télé,https://www.viamirabelle.tv
Borny Buzz,Metz,Pure-player,https://borny.info/
Les voix de la Fensch,Nilvange,Pure-player,https://www.lesvoixdelafensch.fr/
Loreina TV,Nilvange,Pure-player,https://www.loreina.tv
Mpt-woippy.tv,Woippy,Pure-player,https://mpt-woippy.tv/
Rombas Télévision,Rombas,Pure-player,https://www.rombas-television.com/
THI Journal,Thionville,Pure-player,https://www.lelierre.org/webtvjeunes/
TOUT-METZ,Metz,Pure-player,https://tout-metz.com/
Enes TV,Creutzwald,Télé,https://www.enestv.fr/
Thi'Journal,Thionville,Pure-player,http://thijournal.fr/
Clamecy TV,Clamecy,Pure-player,https://www.clamecytv.com/clamecy/Accueil.html
Liberté Hebdo,Lille,Presse,https://libertehebdo.fr/
La Brique,Lille,Presse,https://labrique.net
La Gazette Nord-Pas-de-Calais,Lille,Presse,https://www.gazettenpdc.fr/
Le Journal des entreprises,Villeneuve-d'Ascq,Presse,https://www.lejournaldesentreprises.com
Terres et Territoires,Lille,Presse,https://www.terres-et-territoires.com
Sortir (Lille),Lille,Presse,https://hautsdefrance.sortir.eu/
Canal FM,Aulnoye-Aymeries,Radio,https://www.canalfm.fr
Contact FM,Lille,Radio,https://www.mycontact.fr/
Delta FM,Gravelines,Radio,https://www.deltafm.fr
Echo FM,Anor,Radio,https://www.echo-fm.fr
METROPOLYS,Villeneuve-d'Ascq,Radio,https://www.metropolys.com
Association synthoise pour la télévision locale / ASTV,Grande-Synthe,Télé,https://www.tele-astv.fr/
Beffroi Vision,Le Cateau-Cambrésis,Télé,https://beffroi-vision.fr/bv
Canal Gambsheim,Le Cateau-Cambrésis,Télé,https://www.canalgambsheim.fr
Dailynord,Bailleul,Pure-player,https://dailynord.fr/
Le blog2roubaix,Roubaix,Pure-player,https://leblog2roubaix.com/
Médiacités Lille,Lille,Pure-player,https://www.mediacites.fr/lille/
Quintessence Magazine,Wasquehal,Pure-player,https://quintessence-magazine.com/fr/
RPL Radio,Lille,Radio,https://www.rpl99fm.com/
CN'O,Valenciennes,Radio,https://www.cno-radio.fr/
Delta FM,Gravelines,Radio,https://www.deltafm.fr/
Pépère News,Lille,Pure-player,https://www.peperenews.fr/
Flandres Télévision,Bailleul,Pure-player,https://www.flandrestelevision.fr/
Oise Hebdo,Montataire,Presse,https://www.oisehebdo.fr/
Oise Hebdo,Compiègne,Presse,https://www.oisehebdo.fr/
Oise Hebdo,Compiègne,Presse,https://www.oisehebdo.fr/
Oise Hebdo,Beauvais,Presse,https://www.oisehebdo.fr/
Nogent TV,Nogent Sur Oise,Pure-player,https://nogent.tv/
Kolectiv’,L'Aigle,Pure-player,https://www.kolectiv.fr/
L’Abeille de la Ternoise,Saint-Pol-sur-Ternoise,Presse,https://www.labeilledelaternoise.fr
L’Indépendant du Pas de Calais,Longuenesse,Presse,https://www.lindependant.net
Horizon,Béthune,Radio,https://www.horizonradio.fr
RADIO 6,Calais,Radio,https://www.radio6.fr/
ILTV,Oignies,Télé,https://www.iltv.fr
RADIO PLUS COMUNIC,Douvrin,Radio,https://www.radioplus.fr/
Le Gobelin du Ternois,Saint-Pol-sur-Ternoise,Pure-player,https://www.legobelinduternois.com/
Arrageois.info,Arras,Pure-player,https://www.arrageois.info
Douaisis.info,Douais,Pure-player,https://www.douaisis.info
Valenciennois.info,Valenciennes,Pure-player,https://www.valenciennois.info
Radio 6,Calais,Radio,https://www.radio6.fr
La Galipotte,Vertaizon,Presse,https://galipote.jimdo.com/le-journal/
Le trou des combrailles,Vergheas,Presse,https://troudescombrailles.revolublog.com/creuse-c29099186
Le Semeur Hebdo,Aubière,Presse,https://www.semeur.com
La Cathode,Aubière,Télé,https://www.lacathode.org/
Mediacoop,Royat,Pure-player,https://www.mediacoop.fr/
Web TV Livradois-Forez,Thiers,Pure-player,https://www.webtvlivradoisforez.org/
la Semaine du Pays Basque,Biarritz,Presse,https://www.lspb.fr
RADIO INSIDE,Lescar,Radio,https://www.radioinside.fr/
TVPI,Bidart,Télé,https://www.tvpi.fr/
Kanaldude,Bidarray,Pure-player,https://kanaldude.eus/
Presse Lib',Pau,Pure-player,https://presselib.com
Radio Kultura,Hasparren,Pure-player,https://www.radiokultura.eus/
Xibero Telebista,Mauléon-Licharre,Pure-player,https://www.xiberotelebista.com/
MEDIABASK,Urrugne,Pure-player,https://mediabask.naiz.eus/eu
KAZETA,Urrugne,Pure-player,https://kazeta.naiz.eus/eu
Berria,Bayonne,Presse,https://www.berria.eus/
Herria,Bayonne,Presse,https://herria.eus/
Enbata,Bayonne,Presse,https://www.enbata.info/
Ipar Euskal Herriko Hitza,Bayonne,Presse,https://iparraldekohitza.eus/
La Montagne des Hautes Pyrénées,Bagnères-de-Bigorre,Presse,-
le Journal Catalan,Thuir,Presse,https://www.le-journal-catalan.com
Littoral FM,Perpignan,Radio,https://www.littoralfm.com/
MIP (Made in Perpignan),Perpignan,Pure-player,https://madeinperpignan.com/
Real TV 66,Perpignan,Pure-player,https://realtv66new.weebly.com
Résonances – le Conflent à nos oreilles,Prades,Pure-player,https://resonances.xyz/
TV CAT,Thuir,Pure-player,https://tvcat.fr/
La feuille de Chou,Strasbourg,Presse,https://la-feuille-de-chou.fr
Hebdi,La Wantzenau,Presse,https://www.hebdi.com/
L'Ami des Foyers Chrétiens Hebdo,Strasbourg,Presse,https://www.ami-hebdo.com
L’Ami du Peuple Hebdo,Strasbourg,Presse,https://www.ami-hebdo.com
Mix,Strasbourg,Presse,https://magazinemix.fr/
Poly,Strasbourg,Presse,https://www.poly.fr
RADIO LIBERTÉ,Haguenau,Radio,https://www.radio-liberte.net/
Top Music,Strasbourg,Radio,https://www.topmusic.fr
Top Music,Sélestat,Radio,https://www.topmusic.fr
Alsace 20,Strasbourg,Télé,https://www.alsace20.tv/
Canal Est - Télévisions locales d'Alsace,Ottrott,Télé,https://www.canalest.fr
Canal Schilick,Schiltigheim,Télé,https://www.ville-schiltigheim.fr/canal-schilick/
TLVA / TV2COM,Sélestat,Télé,https://www.tlva.fr www.tv2com.fr
TV3V,Reichshoffen,Télé,https://www.tv3v.fr
Pokaa,Strasbourg,Pure-player,https://pokaa.fr/
Rue89 Strasbourg,Strasbourg,Pure-player,https://www.rue89strasbourg.com/
StrasTV,Strasbourg,Pure-player,https://www.strastv.com/
Tchapp,Strasbourg,Pure-player,https://www.tchapp.alsace/
Vu par ici,Westhoffen,Pure-player,https://www.vuparici.fr/
Vu par ici,Westhoffen,Pure-player,https://www.vuparici.fr/
TV GIC Bouquenom,Sarre-Union,Télé,https://www.tvgicbouquenom.fr
Les défricheurs News,Strasbourg,Pure-player,https://news.defricheurs.fr/
Radio MNE,Mulhouse,Radio,https://radiomne.com/
Flor FM,Soultz-Haut-Rhin,Radio,https://www.florfm.com/
Radio Dreyeckland,Mulhouse,Radio,https://www.radiodreyeckland.com/
TV Biesheim,Biesheim,Télé,https://www.biesheimtv.fr
L’Alterpresse68,Sausheim,Pure-player,https://www.alterpresse68.info/
La Ficelle,Lyon,Presse,https://www.laficelle.com
Agir à Lyon,Lyon,Presse,https://agiralyon.fr/
L'Essor Rhône,Lyon,Presse,https://www.lessor69.fr/
Le Journal des entreprises,Lyon,Presse,https://www.lejournaldesentreprises.com
Le Patriote Beaujolais,Villefranche-sur-Saône,Presse,https://www.lepatriote.fr
Les potins d'Angèle,Lyon,Presse,https://www.lespotinsdangele.com/wordpress/
Mag2Lyon,Lyon,Presse,https://www.mag2lyon.com
Tout Lyon Affiches,Lyon,Presse,https://www.le-tout-lyon.fr/
Tribune de Lyon,Lyon,Presse,https://www.tribunedelyon.fr
Hétéroclite,Lyon,Presse,https://www.heteroclite.org
Lyon People,Lyon,Presse,https://www.lyonpeople.com
Sortir (Lyon),Lyon,Presse,https://auvergnerhonealpes.sortir.eu/
LYON 1ERE,Lyon,Radio,https://www.lyonpremiere.com/
Radio Scoop,Saint-Cyr-au-Mont-d'Or,Radio,https://www.radioscoop.com/
Tonic Radio,Lyon,Radio,https://www.tonicradio.fr/
Le Libero Lyon,Lyon,Pure-player,https://www.leliberolyon.fr/
Les Enfants du Rhône,Lyon,Pure-player,https://ledr.fr/
Lyon Bondy Blog,Lyon,Pure-player,https://lyonbondyblog.fr/
Médiacités Lyon,Lyon,Pure-player,https://www.mediacites.fr/lyon/
Rebellyon.info,Lyon,Pure-player,https://rebellyon.info/
Rue89Lyon,Lyon,Pure-player,https://www.rue89lyon.fr/
This is Lyon,Lyon,Pure-player,https://thisislyon.fr/
La Tribune,Lyon,Presse,https://acteursdeleconomie.latribune.fr/
Tout va bien (TVB),Lyon,Presse,https://toutvabienlejournal.org
RADIO CALADE,Gleize,Radio,https://www.radio-calade.fr/
Les Affiches de la Haute Saône,Lure,Presse,-
Radio Stars,Vesoul,Radio,https://www.radiostar.fr
L'Indépendant du Louhannais et du Jura,Louhans,Presse,-
Montceau News,Gourdon,Presse,https://montceau-news.com/
ChalonTV.info,Chalon-sur-Saône,Pure-player,https://chalontv.info/
Macon Infos,Crêches-sur-Saône,Pure-player,https://www.macon-infos.com
Radio Bresse,Branges,Radio,https://www.radiobresse.com
Info Chalon,Mercurey,Pure-player,https://www.info-chalon.com/
L'Echo de Vibraye,Vibraye,Presse,https://www.lecho-de-vibraye.fr
SWEET FM,Le Mans,Radio,https://www.sweetfm.fr/
vià LMtv-Sarthe,Le Mans,Télé,https://www.vialmtv.tv
Eco Savoie Mont Blanc,Le Bourget-du-Lac,Presse,https://www.eco-savoie-mont-blanc.com
La Maurienne,Saint-Jean-de-Maurienne,Presse,https://www.lamaurienne.fr
Montagne FM,Saint-Jean-de-Maurienne,Radio,https://www.montagnefm.com/
TVNet Citoyenne,Chambéry,Pure-player,https://www.tvnetcitoyenne.com/
Radio Alto,Lescheraines,Radio,https://radioalto.info/fr/
Hebdo des Savoie,Rumilly,Presse,https://www.hebdo-des-savoie.com
L’Essor Savoyard,Annecy,Presse,https://www.lessorsavoyard.fr
Le Faucigny,Thonon-les-Bains,Presse,https://www.lefaucigny.fr
Le Messager,Thonon-les-Bains,Presse,https://www.lemessager.fr
le Messager,Thonon-les-Bains,Presse,https://www.lemessager.fr/
TV8 Mont-Blanc,Epagny Metz-Tessy,Télé,https://www.tv8montblanc.com/
Libreinfo74,Annecy,Pure-player,https://librinfo74.fr
H2O,Annecy,Radio,https://www.h2oradio.fr/
La semaine de l'Île-de-France (L'informateur de Seine et Oise),Paris,Presse,-
Le 18ème du mois,Paris,Presse,https://18dumois.info/spip/
L'ami du 20ème,Paris,Presse,https://lamidu20eme.free.fr
Les Affiches parisiennes,Paris,Presse,https://www.affiches-parisiennes.com
Paris Lights Up,Paris,Presse,https://parislightsup.com/
Demain en Ile-de-France,Paris,Télé,https://www.demain.fr/
Télé Bocal,Paris,Télé,https://telebocal.org/
Enlarge Your Paris,Paris,Pure-player,https://enlargeyourparis.fr
Goutte d’or & vous,Paris,Pure-player,https://gouttedor-et-vous.org/
Noise - Le bruit de la Ville,Paris,Pure-player,https://www.noise-laville.fr
Paris Est Village,Paris,Pure-player,https://www.paris-est-villages.com
Paris Luttes Info,Paris,Pure-player,https://paris-luttes.info/
Valgirardin,Paris,Pure-player,https://valgirardin.fr/
Le Bonbon,Paris,Presse,https://www.lebonbon.fr/paris/
Le Courrier Cauchois,Yvetot,Presse,https://www.lecourriercauchois.fr
Le Journal des entreprises,Bihorel,Presse,https://www.lejournaldesentreprises.com
Radio Campus Rouen,Mont-Saint-Aignan,Radio,https://radiocampusrouen.fr/
La Chaîne Normande,Rouen,Télé,https://www.lachainenormande.tv/
A l'Ouest,Rouen,Pure-player,https://a-louest.info/
Globules,Rouen,Pure-player,https://globules.com/
Le Poulpe,Rouen,Pure-player,https://lepoulpe.info
Radio HDR,Rouen,Radio,https://www.radiohdr.net
Graine de Viking,Petit-Quévilly,Presse,https://www.grainedeviking.fr/
Rouen Info,Elbeuf,Pure-player,https://www.roueninfo.fr/
MICHEL,Le Havre,Presse,https://www.michel-larevue.fr/
Ouest Track Radio,Le Havre,Radio,https://ouest-track.com/
Le Moniteur de Seine et Marne,Melun,Presse,https://www.lemoniteur77.com
77 info,Crégy-lès-Meaux,Pure-player,https://www.77info.fr
La Gazette de la défense,Mantes-la-Jolie,Presse,https://lagazette-ladefense.fr
La gazette en Yvelines,Mantes-la-Jolie,Presse,https://lagazette-yvelines.fr
Le journal des 2 rives,Triel-sur-Seine,Presse,https://www.journal-deux-rives.com
Le Petit Versaillais,Versailles,Presse,https://www.lepetitversaillais.fr/
TV 78,Guyancourt,Télé,https://www.tv78.com
Mantes actu,Buchelay,Pure-player,https://www.mantes-actu.net/
Temps Réel 78,Mantes-la-Jolie,Pure-player,https://tr78.fr
Trappy Blog,Trappes,Pure-player,https://www.trappyblog.fr/
La Gazette de Saint-Quentin-en-Yvelines,Montigny-le-Bretonneux,Presse,https://lagazette-sqy.fr/
Collines FM,Cerizay,Radio,https://www.collines-laradio.fr
Picardie - La Gazette,Amiens,Presse,https://www.picardiegazette.fr/
Gazette Sports,Amiens,Pure-player,https://gazettesports.fr/
Le Tarn Libre,Albi,Presse,https://www.letarnlibre.com
Saxifrage,Gaillac,Presse,https://www.saxifrage.fr
RADIO MENERGY,Lescure-d'Albigeois,Radio,https://www.radiomelodie.com
Radio Albigés,Albi,Radio,https://www.radioalbiges.com/
Le Petit Journal,Montauban,Presse,https://www.lepetitjournal.net
Totem,Bressols,Radio,https://radiototem.fr
Nouveau journal du Pays de Fayence,Montauroux,Presse,https://www.nouveau-journal.org/
MISTRAL FM,Méounes-lès-Montrieux,Radio,https://www.mistralfm.com/
Var Azur,Toulon,Télé,https://varazur-tv.fr/
Le vidéographe,Barjols,Pure-player,https://www.levideographe.com
Radio Sainte-Baume,Saint-Maximin-la-Sainte-Baume,Radio,https://www.radiosaintebaume.com/
L'echo du mardi - Les petites affiches de Vaucluse,Avignon,Presse,https://www.pa84.fr/
Sans Transition ! Provence,Malaucène,Presse,https://www.sans-transition-magazine.info/provence
Demain Vendée,Les Herbiers,Presse,https://demain-vendee.fr
Alouette,Les Herbiers,Radio,https://www.alouette.fr/
TV Vendée,Dompierre-sur-Yon,Télé,https://www.tvvendee.fr/
La WebTV insulaire,L'Île-d'Yeu,Pure-player,https://www.youtube.com/channel/UCH03yL8WK0oiZy_wus_kXmw/videos
Le Reporter Sablais,Les Sables-d'Olonne,Pure-player,https://www.lereportersablais.com
Ma ville solidaire,La Roche-sur-Yon,Pure-player,https://www.mavillesolidaire.fr
Virgin Radio Vendée,La Roche-sur-Yon,Radio,https://www.virginradiovendee.fr/vrv/
Télé Luçon Sud Vendée,Luçon,Pure-player,https://www.tlsv.fr/
Le Sans-Culotte 85,Talmont Saint-Hilaire,Presse,https://www.lesansculotte85.com/
Vendée Première,Challans,Pure-player,https://www.vendee-premieres.fr/
Le 7 (7 à Poitiers),Chasseneuil-du-Poitou,Presse,https://www.7apoitiers.fr/
L'écho - Haute-Vienne,Limoges,Presse,https://l-echo.info/
Flash FM,Limoges,Radio,https://www.flashfm.fr/
La Bogue,Limoges,Pure-player,https://labogue.info
L’Abeille,Épinal,Presse,-
100% vosges,Épinal,Presse,https://www.centpourcent-vosges.fr/
L'Echo des Vosges,Épinal,Presse,https://www.echo-des-vosges.fr/
MAGNUM LA RADIO,Contrexéville,Radio,https://www.magnumlaradio.com/
vià Vosges,Épinal,Télé,https://www.viavosges.tv
Epinal Info,Gérardmer,Pure-player,https://epinalinfos.fr/
Gérardmer Info,Gérardmer,Pure-player,https://gerardmerinfo.fr/
La Plaine des Vosges Info,Gérardmer,Pure-player,https://laplainedesvosgesinfo.fr/
Saint Dié info,Gérardmer,Pure-player,https://saintdieinfo.fr/
Le Lorrain,Belmont Sur Buttant,Pure-player,https://www.le-lorrain.fr/
L’Indépendant de l’Yonne,Sens,Presse,-
La Liberté de l’Yonne,Auxerre,Presse,-
"Le criquet Avallonais, Auxois et Morvan",Avallon,Presse,https://le-criquet-avallonnais-auxois.fr
Myaireurbaine.info,Auxelles-Bas,Pure-player,https://www.Myaireurbaine.info
Le Petit ZPL (zone de publication libre),Palaiseau,Presse,https://lepetitzpl.zpl.zone/
Le Républicain,Ris-Orangis,Presse,https://www.le-republicain.fr
Latitude Media,Évry,Pure-player,https://www.latitudemedia.fr/
Le journal de Bécon,Courbevoie,Pure-player,https://www.lejournaldebecon.fr/
vià93,Montreuil,Télé,https://via93.tv/
Basta!,Montreuil,Pure-player,https://www.bastamag.net/
Bobigny.co,Bobigny,Pure-player,https://www.bobigny.co
Bondy Blog,Bondy,Pure-player,https://www.bondyblog.fr/
Bonjour Pantin,Pantin,Pure-player,https://www.bonjour-pantin.fr/
L'insatiable,Montreuil,Pure-player,https://www.linsatiable.org/
Le Blog de Nestor,Montreuil,Pure-player,https://leblogdenestor.com
Street Press,Montreuil,Pure-player,https://www.streetpress.com/
Le Journal de Saint-Denis,Saint-Denis,Presse,https://lejsd.com/
Val de Marne Infos,Alfortville,Presse,https://www.valdemarneinfos.fr
94 Citoyens,Nogent-sur-Marne,Pure-player,https://94.citoyens.com/
Contrevues,Nogent-sur-Marne,Pure-player,https://contrevues.paris/
Vià 95 (VO News 95),Cergy,Télé,https://95.telif.tv/
Visago News,Villiers-le-Bel,Pure-player,https://www.visagonews.com/
Nouvelles Semaine,Baie-Mahault,Presse,-
IOTV,Saint-Martin,Télé,https://www.iotv.fr
vià ATV,Le Lamentin,Télé,https://www.viaatv.tv
Lumina TV,Saint-Joseph,Pure-player,https://www.facebook.com/LaLuminaTV/
L'apostille,Cayenne,Presse,https://www.lapostille.fr/
Chronique du Maroni,Saint-Laurent-du-Maroni,Pure-player,https://chronique-du-maroni.fr/
Guyaweb,Kourou,Pure-player,https://www.guyaweb.com
Le Kotidien,Cayenne,Pure-player,https://lekotidien.fr/
RadioPeka,Kourou,Pure-player,https://www.radiopeka.com/
Une saison en Guyane,Cayenne,Presse,http://www.une-saison-en-guyane.com/
Le journal de Mayotte,KOUNGOU,Presse,https://lejournaldemayotte.yt/
Journal de la Corse,Ajaccio,Presse,https://www.jdcorse.fr/JDC2/
Alta Frequenza,Ajaccio,Radio,https://www.alta-frequenza.corsica/
A Piazzetta,Bastia,Presse,https://www.apiazzetta.com
L'Informateur Corse Nouvelle,Bastia,Presse,https://www.corse-information.info
Télé Paese,Santa-Reparata-di-Balagna,Télé,https://www.telepaese.corsica/
Corse Net Infos,Santa-Maria-di-Lota,Pure-player,https://www.corsenetinfos.corsica/
,,,